Workbook

Sheet Instrucciones
A1: | | B1: Plantilla de carga inicial · Sistema Sarita
B2: Clientes, Contactos, Direcciones, Prerequisitos de balones y Balones / Cilindros
B4: ORDEN DE LLENADO
B5: 1. Catalogos | C5: Listas fijas (azul) + Gas/TipoBalon/Almacen (amarillo) de referencia.
B6: 2. Empresa | C6: gen_empresa + gen_sucursal (hoja Empresa).
B7: 3. Almacenes | C7: gen_almacen vinculados a sucursal PRINCIPAL.
B8: 4. Gases | C8: pro_producto con es_gas=TRUE.
B9: 5. TiposBalon | C9: bal_tipo_balon vinculados al gas.
B10: 6. Clientes | C10: cli_clientes. El N° documento es llave para el resto.
B11: 7. Plantas | C11: Upgrade/alta de proveedores usados como Propietario=PLANTA.
B12: 8. Contactos | C12: Opcional. Varios por cliente.
B13: 9. Direcciones | C13: Direcciones adicionales (la principal viene de Clientes).
B14: 10. Balones | C14: Cilindros. Requiere prerequisitos + clientes cargados.
B15: Verde | C15: AUTOMÁTICO — no escribir; se calcula solo (verificación de clientes, próxima PH, chequeo de la fila).
B16: Negro | C16: SQL — sentencia generada automáticamente a partir de la fila (solo cuando Chequeo = OK). Para uso del área de sistemas.
B18: REGLAS
B19: Texto azul | C19: Son las celdas donde la empresa escribe. Las celdas con fondo gris son fórmulas: no tocar.
B20: Filas crema | C20: Las primeras filas de cada hoja son EJEMPLOS. Reemplácelas con datos reales.
B21: Columna Chequeo | C21: Debe decir OK en verde. Si sale rojo, indica qué falta o qué está duplicado. Mientras no diga OK, la columna SQL queda vacía.
B22: N° documento | C22: Escribirlo como texto: DNI 8 dígitos, RUC 11 dígitos. No se puede repetir.
B23: Código balón | C23: Es el código pintado/grabado en el cilindro. No se puede repetir.
B24: Propietario del balón | C24: EMPRESA: envase de la empresa que se presta a clientes · CLIENTE: envase que es del cliente · PLANTA: envase del proveedor de recarga (indicar el documento del proveedor) · PROPIA.
B25: Dónde está el balón | C25: Llene Almacén si está en la empresa, o Doc. cliente donde está si lo tiene un cliente. No ambos.
B26: Prueba hidrostática | C26: Si conoce la fecha de la última PH, anótela. Si no, con año y mes de fabricación el sistema calcula la próxima (vigencia 5 años).
B27: Fechas | C27: Formato dd/mm/aaaa.
B28: No borrar | C28: No elimine ni renombre hojas ni columnas: las fórmulas y el SQL dependen de ellas.
B30: PARA SISTEMAS: CARGA A LA BD
B31: Hoja Script SQL | C31: Reúne, en orden, la columna SQL de todas las hojas (Clientes → Contactos → Direcciones → Balones). Seleccione la columna A completa, copie y pegue en psql / DBeaver / pgAdmin sobre la BD destino. Las filas vacías se ignoran.
B32: Requisitos previos | C32: Deben existir en la BD: las listas de gen_lista_opciones (seeds), los productos gas en pro_producto (es_gas = TRUE) con el mismo nombre que Catalogos!Gas, los tipos en bal_tipo_balon con el mismo nombre que Catalogos!TipoBalon, y los almacenes en gen_almacen con el mismo nombre que Catalogos!Almacen. Los nombres se comparan sin distinguir mayúsculas.
B33: Cómo funciona | C33: Clientes y Balones llaman a las funciones cli_crear_clientes / bal_crear_balon (aplican todas las validaciones del sistema y devuelven JSON: si aparece "error" en el resultado, esa fila no se cargó). Contactos y Direcciones son INSERT directos protegidos con NOT EXISTS para no duplicar. Los IDs se resuelven por nombre / N° documento con subconsultas, por eso el orden importa.
B34: Idempotencia | C34: Clientes y Balones rechazan duplicados por documento / código (la función devuelve error y no inserta). Contactos y Direcciones no se insertan si ya existe uno igual para ese cliente. Se puede volver a ejecutar el script sin duplicar datos.
B35: Transacción | C35: Recomendado envolver todo en BEGIN; … COMMIT; y revisar los resultados antes de confirmar.
B37: CORRESPONDENCIA CON LA BD | C37: La fila gris sobre cada encabezado indica el campo de la base de datos al que corresponde la columna.

Sheet Catalogos
A1: Catálogos (listas desplegables)
A2: TipoDocumento | B2: TipoPersona | C2: TipoCliente | D2: PropietarioBalon | E2: EstadoBalon | F2: MarcaCilindro | G2: OrganoInspector | H2: Gas | I2: TipoBalon | J2: Almacen | K2: SiNo
A3: DNI | B3: Persona Natural | C3: Cliente | D3: EMPRESA | E3: DISPONIBLE | F3: JP | G3: NO_APLICA | H3: OXIGENO MEDICINAL | I3: Oxígeno Medicinal 6 m³ | J3: ALMACEN PRINCIPAL | K3: SI
A4: RUC | B4: Persona Jurídica | C4: Paciente | D4: CLIENTE | E4: EN_PODER_CLIENTE | F4: BTIC-JP | G4: OCIA | H4: OXIGENO INDUSTRIAL | I4: Oxígeno Medicinal 10 m³ | J4: ALMACEN LAMBAYEQUE | K4: NO
A5: CARNET EXTRANJERIA | C5: Proveedor | D5: PLANTA | E5: ALQUILADO | F5: JD | G5: DNV | H5: ACETILENO ESTANDAR | I5: Oxígeno Industrial 6 m³
A6: PASAPORTE | C6: Cliente / Proveedor | E6: EN_MANTENIMIENTO | F6: YA | G6: BUREAU_VERITAS | H6: NITROGENO | I6: Oxígeno Industrial 10 m³
A7: SD | C7: Empresa | E7: EN_RECARGA_EXTERNA | F7: LD | G7: LLOYDS | H7: ARGON | I7: Acetileno 5 kg
E8: POR_RECOGER | F8: AMERICANA | G8: OTRO | H8: DIÓXIDO DE CARBONO | I8: Nitrógeno 6 m³
E9: ROBO | F9: BRASILERA | G9: TS | H9: AIRE COMPRIMIDO | I9: Argón Estándar 10 m3
E10: DADO_DE_BAJA | F10: ARGENTINA | G10: NO TIENE | H10: STARGOLD ESTANDAR | I10: Argón Estándar 6 m3
E11: ALMACEN EXTRAVIADO | F11: OTRA | G11: HEXAGONAL (0036) | H11: ETILENO | I11: Argón Estándar 3 m3
E12: CLIENTE EXTRAVIADO | F12: SEFIC | G12: HEXAGONAL (T10) | H12: ACETILENO ESPECIAL | I12: Nitrógeno 10 m³
E13: POR VERIFICAR | F13: ALEMANA | G13: CIRCULO (J) | H13: GAS PROPANO | I13: Nitrógeno 3 m³
F14: YA | G14: ESTRELLA | I14: Dióxido de carbono 25 kg
F15: DOT | G15: TRIANGULO | I15: Dióxido de carbono 30 kg
F16: AGA | I16: Dióxido de carbono 13 kg
F17: SUIZA | I17: Acetileno 1 - 3 kg
F18: OXIGENO CRISTIAN | I18: Acetileno 0 kg
F19: OXYGEN | I19: Acetileno de 3.5 - 5 kg
F20: OXYNET | I20: Acetileno de 8 - 10 kg
F21: WELDWELL | I21: Acetileno de 3.5 - 5.5 kg
I22: Acetileno de 6 - 8 kg
I23: Acetileno de 6 - 7.5 kg
I24: Acetileno de 7 - 9 kg
I25: Acetileno de 4 kg
I26: Acetileno de 1 - 4 kg
I27: Stargold Estandar de 10 m3
I28: Stargold Estandar de 6 m3
I29: Etil 10 m³
I30: Stargold Estandar de 3 m3
I31: Stargold Estandar de 7 m3
I32: ACETILENO ESPECIAL 7 KG
I33: DIOXIDO DE CARBONO 9 KG
... I43: Oxigeno Industrial de 1.5 m3
I44: DIOXIDO DE CARBONO 3 KG | Q44: DIOXIDO DE CARBONO 3 KG
I45: Oxigeno Industrial 2 m³
I46: Oxigeno Industrial 2.5 m³
I47: Dioxido de Carbono de 12 kg
I48: Dióxido de carbono 7 kg
I49: Oxigeno Industrial 1 m³
I50: Acetileno de 2.5 kg
I51: Acetileno de 10 kg
I52: Acetileno de 8kg
I53: Acetileno de 7 kg
A54: Fondo amarillo / texto azul = lista que la empresa puede completar. Azul oscuro = valores fijos del sistema, no modificar.

Sheet Empresa
B1: 0a) EMPRESA Y SUCURSAL → gen_empresa + gen_sucursal
B2: Datos mínimos de la empresa Oxígeno Sarita y la sucursal principal. Se cargan ANTES de almacenes, gases, tipos y balones.
A3: (tabla) | B3: ruc | C3: razon_social | D3: nombre_comercial | E3: sucursal_codigo | F3: sucursal_nombre | G3: (sentencia SQL)
A4: Ámbito | B4: RUC | C4: Razón social | D4: Nombre comercial | E4: Código sucursal | F4: Nombre sucursal | G4: SQL
A5: Empresa | B5: 10175332796 | C5: OXIGENO SARITA | D5: OXIGENO SARITA | G5: INSERT INTO gen_empresa (ruc, razon_social, nombre_comercial, estado, id_usuario_creacion, id_usuario_modificacion) SELECT '10175332796', 'OXIGENO SARITA', 'OXIGENO SARITA', 1, 1, 1 WHERE NOT EXISTS (SELECT 1 FROM gen_empresa WHERE ruc = '10175332796');
A6: Sucursal | E6: PRINCIPAL | F6: Sucursal Principal | G6: INSERT INTO gen_sucursal (codigo, nombre, estado, id_usuario_creacion, id_usuario_modificacion) SELECT 'PRINCIPAL', 'Sucursal Principal', 1, 1, 1 WHERE NOT EXISTS (SELECT 1 FROM gen_sucursal WHERE UPPER(codigo) = 'PRINCIPAL');

Sheet Almacenes
B1: 0b) ALMACENES → gen_almacen
B2: Requieren sucursal PRINCIPAL. Los nombres deben coincidir con la columna Almacén de Balones.
A3: (validación) | B3: nombre | C3: sucursal_codigo | D3: (sentencia SQL)
A4: Chequeo | B4: Nombre almacén | C4: Código sucursal | D4: SQL
A5: OK | B5: ALMACEN LAMBAYEQUE | C5: PRINCIPAL | D5: INSERT INTO gen_almacen (id_sucursal, nombre, estado, id_usuario_creacion, id_usuario_modificacion) SELECT s.id, 'ALMACEN LAMBAYEQUE', 1, 1, 1 FROM gen_sucursal s WHERE UPPER(s.codigo) = 'PRINCIPAL' AND NOT EXISTS (SELECT 1 FROM gen_almacen a WHERE UPPER(TRIM(a.nombre)) = UPPER(TRIM('ALMACEN LAMBAYEQUE')));
A6: OK | B6: ALMACEN PRINCIPAL | C6: PRINCIPAL | D6: INSERT INTO gen_almacen (id_sucursal, nombre, estado, id_usuario_creacion, id_usuario_modificacion) SELECT s.id, 'ALMACEN PRINCIPAL', 1, 1, 1 FROM gen_sucursal s WHERE UPPER(s.codigo) = 'PRINCIPAL' AND NOT EXISTS (SELECT 1 FROM gen_almacen a WHERE UPPER(TRIM(a.nombre)) = UPPER(TRIM('ALMACEN PRINCIPAL')));

Sheet Gases
B1: 0c) GASES → pro_producto (es_gas = TRUE)
B2: Productos gas. El nombre debe coincidir con la columna Gas de Balones (sin distinguir mayúsculas).
A3: (validación) | B3: codigo | C3: nombre | D3: (sentencia SQL)
A4: Chequeo | B4: Código | C4: Nombre gas | D4: SQL
A5: OK | B5: GAS-ACE-ESP | C5: ACETILENO ESPECIAL | D5: INSERT INTO pro_producto (codigo, nombre, es_gas, afecta_stock, precio, estado, id_usuario_creacion, id_usuario_modificacion) SELECT 'GAS-ACE-ESP', 'ACETILENO ESPECIAL', TRUE, FALSE, 0, 1, 1, 1 WHERE NOT EXISTS (SELECT 1 FROM pro_producto p WHERE p.es_gas = TRUE AND UPPER(TRIM(p.nombre)) = UPPER(TRIM('ACETILENO ESPECIAL'))) AND NOT EXISTS (SELECT 1 FROM pro_producto p2 WHERE p2.codigo = 'GAS-ACE-ESP');
A6: OK | B6: GAS-ACE-EST | C6: ACETILENO ESTANDAR | D6: INSERT INTO pro_producto (codigo, nombre, es_gas, afecta_stock, precio, estado, id_usuario_creacion, id_usuario_modificacion) SELECT 'GAS-ACE-EST', 'ACETILENO ESTANDAR', TRUE, FALSE, 0, 1, 1, 1 WHERE NOT EXISTS (SELECT 1 FROM pro_producto p WHERE p.es_gas = TRUE AND UPPER(TRIM(p.nombre)) = UPPER(TRIM('ACETILENO ESTANDAR'))) AND NOT EXISTS (SELECT 1 FROM pro_producto p2 WHERE p2.codigo = 'GAS-ACE-EST');
A7: OK | B7: GAS-AIRE-COMPRIMIDO | C7: AIRE COMPRIMIDO | D7: INSERT INTO pro_producto (codigo, nombre, es_gas, afecta_stock, precio, estado, id_usuario_creacion, id_usuario_modificacion) SELECT 'GAS-AIRE-COMPRIMIDO', 'AIRE COMPRIMIDO', TRUE, FALSE, 0, 1, 1, 1 WHERE NOT EXISTS (SELECT 1 FROM pro_producto p WHERE p.es_gas = TRUE AND UPPER(TRIM(p.nombre)) = UPPER(TRIM('AIRE COMPRIMIDO'))) AND NOT EXISTS (SELECT 1 FROM pro_producto p2 WHERE p2.codigo = 'GAS-AIRE-COMPRIMIDO');
A8: OK | B8: GAS-ARGON | C8: ARGON | D8: INSERT INTO pro_producto (codigo, nombre, es_gas, afecta_stock, precio, estado, id_usuario_creacion, id_usuario_modificacion) SELECT 'GAS-ARGON', 'ARGON', TRUE, FALSE, 0, 1, 1, 1 WHERE NOT EXISTS (SELECT 1 FROM pro_producto p WHERE p.es_gas = TRUE AND UPPER(TRIM(p.nombre)) = UPPER(TRIM('ARGON'))) AND NOT EXISTS (SELECT 1 FROM pro_producto p2 WHERE p2.codigo = 'GAS-ARGON');
A9: OK | B9: GAS-CO2 | C9: DIÓXIDO DE CARBONO | D9: INSERT INTO pro_producto (codigo, nombre, es_gas, afecta_stock, precio, estado, id_usuario_creacion, id_usuario_modificacion) SELECT 'GAS-CO2', 'DIÓXIDO DE CARBONO', TRUE, FALSE, 0, 1, 1, 1 WHERE NOT EXISTS (SELECT 1 FROM pro_producto p WHERE p.es_gas = TRUE AND UPPER(TRIM(p.nombre)) = UPPER(TRIM('DIÓXIDO DE CARBONO'))) AND NOT EXISTS (SELECT 1 FROM pro_producto p2 WHERE p2.codigo = 'GAS-CO2');
A10: OK | B10: GAS-ETILENO | C10: ETILENO | D10: INSERT INTO pro_producto (codigo, nombre, es_gas, afecta_stock, precio, estado, id_usuario_creacion, id_usuario_modificacion) SELECT 'GAS-ETILENO', 'ETILENO', TRUE, FALSE, 0, 1, 1, 1 WHERE NOT EXISTS (SELECT 1 FROM pro_producto p WHERE p.es_gas = TRUE AND UPPER(TRIM(p.nombre)) = UPPER(TRIM('ETILENO'))) AND NOT EXISTS (SELECT 1 FROM pro_producto p2 WHERE p2.codigo = 'GAS-ETILENO');
A11: OK | B11: GAS-PROPANO | C11: GAS PROPANO | D11: INSERT INTO pro_producto (codigo, nombre, es_gas, afecta_stock, precio, estado, id_usuario_creacion, id_usuario_modificacion) SELECT 'GAS-PROPANO', 'GAS PROPANO', TRUE, FALSE, 0, 1, 1, 1 WHERE NOT EXISTS (SELECT 1 FROM pro_producto p WHERE p.es_gas = TRUE AND UPPER(TRIM(p.nombre)) = UPPER(TRIM('GAS PROPANO'))) AND NOT EXISTS (SELECT 1 FROM pro_producto p2 WHERE p2.codigo = 'GAS-PROPANO');
A12: OK | B12: GAS-NITROGENO | C12: NITROGENO | D12: INSERT INTO pro_producto (codigo, nombre, es_gas, afecta_stock, precio, estado, id_usuario_creacion, id_usuario_modificacion) SELECT 'GAS-NITROGENO', 'NITROGENO', TRUE, FALSE, 0, 1, 1, 1 WHERE NOT EXISTS (SELECT 1 FROM pro_producto p WHERE p.es_gas = TRUE AND UPPER(TRIM(p.nombre)) = UPPER(TRIM('NITROGENO'))) AND NOT EXISTS (SELECT 1 FROM pro_producto p2 WHERE p2.codigo = 'GAS-NITROGENO');
A13: OK | B13: GAS-OXI-IND | C13: OXIGENO INDUSTRIAL | D13: INSERT INTO pro_producto (codigo, nombre, es_gas, afecta_stock, precio, estado, id_usuario_creacion, id_usuario_modificacion) SELECT 'GAS-OXI-IND', 'OXIGENO INDUSTRIAL', TRUE, FALSE, 0, 1, 1, 1 WHERE NOT EXISTS (SELECT 1 FROM pro_producto p WHERE p.es_gas = TRUE AND UPPER(TRIM(p.nombre)) = UPPER(TRIM('OXIGENO INDUSTRIAL'))) AND NOT EXISTS (SELECT 1 FROM pro_producto p2 WHERE p2.codigo = 'GAS-OXI-IND');
A14: OK | B14: GAS-OXI-MED | C14: OXIGENO MEDICINAL | D14: INSERT INTO pro_producto (codigo, nombre, es_gas, afecta_stock, precio, estado, id_usuario_creacion, id_usuario_modificacion) SELECT 'GAS-OXI-MED', 'OXIGENO MEDICINAL', TRUE, FALSE, 0, 1, 1, 1 WHERE NOT EXISTS (SELECT 1 FROM pro_producto p WHERE p.es_gas = TRUE AND UPPER(TRIM(p.nombre)) = UPPER(TRIM('OXIGENO MEDICINAL'))) AND NOT EXISTS (SELECT 1 FROM pro_producto p2 WHERE p2.codigo = 'GAS-OXI-MED');
A15: OK | B15: GAS-STARGOLD | C15: STARGOLD ESTANDAR | D15: INSERT INTO pro_producto (codigo, nombre, es_gas, afecta_stock, precio, estado, id_usuario_creacion, id_usuario_modificacion) SELECT 'GAS-STARGOLD', 'STARGOLD ESTANDAR', TRUE, FALSE, 0, 1, 1, 1 WHERE NOT EXISTS (SELECT 1 FROM pro_producto p WHERE p.es_gas = TRUE AND UPPER(TRIM(p.nombre)) = UPPER(TRIM('STARGOLD ESTANDAR'))) AND NOT EXISTS (SELECT 1 FROM pro_producto p2 WHERE p2.codigo = 'GAS-STARGOLD');

Sheet TiposBalon
B1: 0d) TIPOS DE BALÓN → bal_tipo_balon
B2: Cada tipo se vincula a un gas (pro_producto). Capacidad/unidad se inferen del nombre cuando es posible. El nombre debe coincidir con Tipo balón de la hoja Balones.
A3: (validación) | B3: nombre | C3: gas | D3: capacidad | E3: unidad | F3: (sentencia SQL)
A4: Chequeo | B4: Nombre tipo balón | C4: Gas | D4: Capacidad | E4: Unidad (MT3/KG) | F4: SQL
A5: OK | B5: Acetileno 0 kg | C5: ACETILENO ESTANDAR | D5: 0 | E5: KG | F5: INSERT INTO bal_tipo_balon (nombre, id_gas, capacidad, id_unidad_medida, estado, vigencia_ph_anios, id_usuario_creacion, id_usuario_modificacion) SELECT 'Acetileno 0 kg', p.id, 0.0, (SELECT id FROM gen_lista_opciones lo JOIN gen_lista l ON l.id = lo.id_lista WHERE l.nombre = 'UnidadMedida' AND UPPER(lo.nombre) = UPPER('KG') AND lo.estado = 1 LIMIT 1), 1, 5, 1, 1 FROM pro_producto p WHERE p.es_gas = TRUE AND UPPER(TRIM(p.nombre)) = UPPER(TRIM('ACETILENO ESTANDAR')) AND NOT EXISTS (SELECT 1 FROM bal_tipo_balon t WHERE UPPER(TRIM(t.nombre)) = UPPER(TRIM('Acetileno 0 kg'))) LIMIT 1;
A6: OK | B6: Acetileno 1 - 3 kg | C6: ACETILENO ESTANDAR | D6: 3 | E6: KG | F6: INSERT INTO bal_tipo_balon (nombre, id_gas, capacidad, id_unidad_medida, estado, vigencia_ph_anios, id_usuario_creacion, id_usuario_modificacion) SELECT 'Acetileno 1 - 3 kg', p.id, 3.0, (SELECT id FROM gen_lista_opciones lo JOIN gen_lista l ON l.id = lo.id_lista WHERE l.nombre = 'UnidadMedida' AND UPPER(lo.nombre) = UPPER('KG') AND lo.estado = 1 LIMIT 1), 1, 5, 1, 1 FROM pro_producto p WHERE p.es_gas = TRUE AND UPPER(TRIM(p.nombre)) = UPPER(TRIM('ACETILENO ESTANDAR')) AND NOT EXISTS (SELECT 1 FROM bal_tipo_balon t WHERE UPPER(TRIM(t.nombre)) = UPPER(TRIM('Acetileno 1 - 3 kg'))) LIMIT 1;
A7: OK | B7: Acetileno 5 kg | C7: ACETILENO ESTANDAR | D7: 5 | E7: KG | F7: INSERT INTO bal_tipo_balon (nombre, id_gas, capacidad, id_unidad_medida, estado, vigencia_ph_anios, id_usuario_creacion, id_usuario_modificacion) SELECT 'Acetileno 5 kg', p.id, 5.0, (SELECT id FROM gen_lista_opciones lo JOIN gen_lista l ON l.id = lo.id_lista WHERE l.nombre = 'UnidadMedida' AND UPPER(lo.nombre) = UPPER('KG') AND lo.estado = 1 LIMIT 1), 1, 5, 1, 1 FROM pro_producto p WHERE p.es_gas = TRUE AND UPPER(TRIM(p.nombre)) = UPPER(TRIM('ACETILENO ESTANDAR')) AND NOT EXISTS (SELECT 1 FROM bal_tipo_balon t WHERE UPPER(TRIM(t.nombre)) = UPPER(TRIM('Acetileno 5 kg'))) LIMIT 1;
A8: OK | B8: Acetileno de 1 - 4 kg | C8: ACETILENO ESTANDAR | D8: 4 | E8: KG | F8: INSERT INTO bal_tipo_balon (nombre, id_gas, capacidad, id_unidad_medida, estado, vigencia_ph_anios, id_usuario_creacion, id_usuario_modificacion) SELECT 'Acetileno de 1 - 4 kg', p.id, 4.0, (SELECT id FROM gen_lista_opciones lo JOIN gen_lista l ON l.id = lo.id_lista WHERE l.nombre = 'UnidadMedida' AND UPPER(lo.nombre) = UPPER('KG') AND lo.estado = 1 LIMIT 1), 1, 5, 1, 1 FROM pro_producto p WHERE p.es_gas = TRUE AND UPPER(TRIM(p.nombre)) = UPPER(TRIM('ACETILENO ESTANDAR')) AND NOT EXISTS (SELECT 1 FROM bal_tipo_balon t WHERE UPPER(TRIM(t.nombre)) = UPPER(TRIM('Acetileno de 1 - 4 kg'))) LIMIT 1;
A9: FALTA gas | B9: Acetileno de 10 kg | D9: 10 | E9: KG
A10: FALTA gas | B10: Acetileno de 2.5 kg | D10: 2.5 | E10: KG
A11: OK | B11: Acetileno de 3.5 - 5 kg | C11: ACETILENO ESTANDAR | D11: 5 | E11: KG | F11: INSERT INTO bal_tipo_balon (nombre, id_gas, capacidad, id_unidad_medida, estado, vigencia_ph_anios, id_usuario_creacion, id_usuario_modificacion) SELECT 'Acetileno de 3.5 - 5 kg', p.id, 5.0, (SELECT id FROM gen_lista_opciones lo JOIN gen_lista l ON l.id = lo.id_lista WHERE l.nombre = 'UnidadMedida' AND UPPER(lo.nombre) = UPPER('KG') AND lo.estado = 1 LIMIT 1), 1, 5, 1, 1 FROM pro_producto p WHERE p.es_gas = TRUE AND UPPER(TRIM(p.nombre)) = UPPER(TRIM('ACETILENO ESTANDAR')) AND NOT EXISTS (SELECT 1 FROM bal_tipo_balon t WHERE UPPER(TRIM(t.nombre)) = UPPER(TRIM('Acetileno de 3.5 - 5 kg'))) LIMIT 1;
A12: OK | B12: Acetileno de 3.5 - 5.5 kg | C12: ACETILENO ESTANDAR | D12: 5.5 | E12: KG | F12: INSERT INTO bal_tipo_balon (nombre, id_gas, capacidad, id_unidad_medida, estado, vigencia_ph_anios, id_usuario_creacion, id_usuario_modificacion) SELECT 'Acetileno de 3.5 - 5.5 kg', p.id, 5.5, (SELECT id FROM gen_lista_opciones lo JOIN gen_lista l ON l.id = lo.id_lista WHERE l.nombre = 'UnidadMedida' AND UPPER(lo.nombre) = UPPER('KG') AND lo.estado = 1 LIMIT 1), 1, 5, 1, 1 FROM pro_producto p WHERE p.es_gas = TRUE AND UPPER(TRIM(p.nombre)) = UPPER(TRIM('ACETILENO ESTANDAR')) AND NOT EXISTS (SELECT 1 FROM bal_tipo_balon t WHERE UPPER(TRIM(t.nombre)) = UPPER(TRIM('Acetileno de 3.5 - 5.5 kg'))) LIMIT 1;
A13: OK | B13: Acetileno de 4 kg | C13: ACETILENO ESTANDAR | D13: 4 | E13: KG | F13: INSERT INTO bal_tipo_balon (nombre, id_gas, capacidad, id_unidad_medida, estado, vigencia_ph_anios, id_usuario_creacion, id_usuario_modificacion) SELECT 'Acetileno de 4 kg', p.id, 4.0, (SELECT id FROM gen_lista_opciones lo JOIN gen_lista l ON l.id = lo.id_lista WHERE l.nombre = 'UnidadMedida' AND UPPER(lo.nombre) = UPPER('KG') AND lo.estado = 1 LIMIT 1), 1, 5, 1, 1 FROM pro_producto p WHERE p.es_gas = TRUE AND UPPER(TRIM(p.nombre)) = UPPER(TRIM('ACETILENO ESTANDAR')) AND NOT EXISTS (SELECT 1 FROM bal_tipo_balon t WHERE UPPER(TRIM(t.nombre)) = UPPER(TRIM('Acetileno de 4 kg'))) LIMIT 1;
A14: OK | B14: Acetileno de 6 - 7.5 kg | C14: ACETILENO ESTANDAR | D14: 7.5 | E14: KG | F14: INSERT INTO bal_tipo_balon (nombre, id_gas, capacidad, id_unidad_medida, estado, vigencia_ph_anios, id_usuario_creacion, id_usuario_modificacion) SELECT 'Acetileno de 6 - 7.5 kg', p.id, 7.5, (SELECT id FROM gen_lista_opciones lo JOIN gen_lista l ON l.id = lo.id_lista WHERE l.nombre = 'UnidadMedida' AND UPPER(lo.nombre) = UPPER('KG') AND lo.estado = 1 LIMIT 1), 1, 5, 1, 1 FROM pro_producto p WHERE p.es_gas = TRUE AND UPPER(TRIM(p.nombre)) = UPPER(TRIM('ACETILENO ESTANDAR')) AND NOT EXISTS (SELECT 1 FROM bal_tipo_balon t WHERE UPPER(TRIM(t.nombre)) = UPPER(TRIM('Acetileno de 6 - 7.5 kg'))) LIMIT 1;
A15: OK | B15: Acetileno de 6 - 8 kg | C15: ACETILENO ESTANDAR | D15: 8 | E15: KG | F15: INSERT INTO bal_tipo_balon (nombre, id_gas, capacidad, id_unidad_medida, estado, vigencia_ph_anios, id_usuario_creacion, id_usuario_modificacion) SELECT 'Acetileno de 6 - 8 kg', p.id, 8.0, (SELECT id FROM gen_lista_opciones lo JOIN gen_lista l ON l.id = lo.id_lista WHERE l.nombre = 'UnidadMedida' AND UPPER(lo.nombre) = UPPER('KG') AND lo.estado = 1 LIMIT 1), 1, 5, 1, 1 FROM pro_producto p WHERE p.es_gas = TRUE AND UPPER(TRIM(p.nombre)) = UPPER(TRIM('ACETILENO ESTANDAR')) AND NOT EXISTS (SELECT 1 FROM bal_tipo_balon t WHERE UPPER(TRIM(t.nombre)) = UPPER(TRIM('Acetileno de 6 - 8 kg'))) LIMIT 1;
A16: OK | B16: Acetileno de 7 - 9 kg | C16: ACETILENO ESTANDAR | D16: 9 | E16: KG | F16: INSERT INTO bal_tipo_balon (nombre, id_gas, capacidad, id_unidad_medida, estado, vigencia_ph_anios, id_usuario_creacion, id_usuario_modificacion) SELECT 'Acetileno de 7 - 9 kg', p.id, 9.0, (SELECT id FROM gen_lista_opciones lo JOIN gen_lista l ON l.id = lo.id_lista WHERE l.nombre = 'UnidadMedida' AND UPPER(lo.nombre) = UPPER('KG') AND lo.estado = 1 LIMIT 1), 1, 5, 1, 1 FROM pro_producto p WHERE p.es_gas = TRUE AND UPPER(TRIM(p.nombre)) = UPPER(TRIM('ACETILENO ESTANDAR')) AND NOT EXISTS (SELECT 1 FROM bal_tipo_balon t WHERE UPPER(TRIM(t.nombre)) = UPPER(TRIM('Acetileno de 7 - 9 kg'))) LIMIT 1;
A17: FALTA gas | B17: Acetileno de 7 kg | D17: 7 | E17: KG
A18: OK | B18: Acetileno de 8 - 10 kg | C18: ACETILENO ESTANDAR | D18: 10 | E18: KG | F18: INSERT INTO bal_tipo_balon (nombre, id_gas, capacidad, id_unidad_medida, estado, vigencia_ph_anios, id_usuario_creacion, id_usuario_modificacion) SELECT 'Acetileno de 8 - 10 kg', p.id, 10.0, (SELECT id FROM gen_lista_opciones lo JOIN gen_lista l ON l.id = lo.id_lista WHERE l.nombre = 'UnidadMedida' AND UPPER(lo.nombre) = UPPER('KG') AND lo.estado = 1 LIMIT 1), 1, 5, 1, 1 FROM pro_producto p WHERE p.es_gas = TRUE AND UPPER(TRIM(p.nombre)) = UPPER(TRIM('ACETILENO ESTANDAR')) AND NOT EXISTS (SELECT 1 FROM bal_tipo_balon t WHERE UPPER(TRIM(t.nombre)) = UPPER(TRIM('Acetileno de 8 - 10 kg'))) LIMIT 1;
A19: OK | B19: Acetileno de 8kg | C19: ACETILENO ESPECIAL | D19: 8 | E19: KG | F19: INSERT INTO bal_tipo_balon (nombre, id_gas, capacidad, id_unidad_medida, estado, vigencia_ph_anios, id_usuario_creacion, id_usuario_modificacion) SELECT 'Acetileno de 8kg', p.id, 8.0, (SELECT id FROM gen_lista_opciones lo JOIN gen_lista l ON l.id = lo.id_lista WHERE l.nombre = 'UnidadMedida' AND UPPER(lo.nombre) = UPPER('KG') AND lo.estado = 1 LIMIT 1), 1, 5, 1, 1 FROM pro_producto p WHERE p.es_gas = TRUE AND UPPER(TRIM(p.nombre)) = UPPER(TRIM('ACETILENO ESPECIAL')) AND NOT EXISTS (SELECT 1 FROM bal_tipo_balon t WHERE UPPER(TRIM(t.nombre)) = UPPER(TRIM('Acetileno de 8kg'))) LIMIT 1;
A20: FALTA gas | B20: ACETILENO ESPECIAL 7 KG | D20: 7 | E20: KG
A21: OK | B21: Argón Estándar 10 m3 | C21: ARGON | D21: 10 | E21: MT3 | F21: INSERT INTO bal_tipo_balon (nombre, id_gas, capacidad, id_unidad_medida, estado, vigencia_ph_anios, id_usuario_creacion, id_usuario_modificacion) SELECT 'Argón Estándar 10 m3', p.id, 10.0, (SELECT id FROM gen_lista_opciones lo JOIN gen_lista l ON l.id = lo.id_lista WHERE l.nombre = 'UnidadMedida' AND UPPER(lo.nombre) = UPPER('MT3') AND lo.estado = 1 LIMIT 1), 1, 5, 1, 1 FROM pro_producto p WHERE p.es_gas = TRUE AND UPPER(TRIM(p.nombre)) = UPPER(TRIM('ARGON')) AND NOT EXISTS (SELECT 1 FROM bal_tipo_balon t WHERE UPPER(TRIM(t.nombre)) = UPPER(TRIM('Argón Estándar 10 m3'))) LIMIT 1;
A22: OK | B22: Argón Estándar 3 m3 | C22: ARGON | D22: 3 | E22: MT3 | F22: INSERT INTO bal_tipo_balon (nombre, id_gas, capacidad, id_unidad_medida, estado, vigencia_ph_anios, id_usuario_creacion, id_usuario_modificacion) SELECT 'Argón Estándar 3 m3', p.id, 3.0, (SELECT id FROM gen_lista_opciones lo JOIN gen_lista l ON l.id = lo.id_lista WHERE l.nombre = 'UnidadMedida' AND UPPER(lo.nombre) = UPPER('MT3') AND lo.estado = 1 LIMIT 1), 1, 5, 1, 1 FROM pro_producto p WHERE p.es_gas = TRUE AND UPPER(TRIM(p.nombre)) = UPPER(TRIM('ARGON')) AND NOT EXISTS (SELECT 1 FROM bal_tipo_balon t WHERE UPPER(TRIM(t.nombre)) = UPPER(TRIM('Argón Estándar 3 m3'))) LIMIT 1;
A23: OK | B23: Argón Estándar 6 m3 | C23: ARGON | D23: 6 | E23: MT3 | F23: INSERT INTO bal_tipo_balon (nombre, id_gas, capacidad, id_unidad_medida, estado, vigencia_ph_anios, id_usuario_creacion, id_usuario_modificacion) SELECT 'Argón Estándar 6 m3', p.id, 6.0, (SELECT id FROM gen_lista_opciones lo JOIN gen_lista l ON l.id = lo.id_lista WHERE l.nombre = 'UnidadMedida' AND UPPER(lo.nombre) = UPPER('MT3') AND lo.estado = 1 LIMIT 1), 1, 5, 1, 1 FROM pro_producto p WHERE p.es_gas = TRUE AND UPPER(TRIM(p.nombre)) = UPPER(TRIM('ARGON')) AND NOT EXISTS (SELECT 1 FROM bal_tipo_balon t WHERE UPPER(TRIM(t.nombre)) = UPPER(TRIM('Argón Estándar 6 m3'))) LIMIT 1;
A24: OK | B24: Dióxido de carbono 13 kg | C24: DIÓXIDO DE CARBONO | D24: 13 | E24: KG | F24: INSERT INTO bal_tipo_balon (nombre, id_gas, capacidad, id_unidad_medida, estado, vigencia_ph_anios, id_usuario_creacion, id_usuario_modificacion) SELECT 'Dióxido de carbono 13 kg', p.id, 13.0, (SELECT id FROM gen_lista_opciones lo JOIN gen_lista l ON l.id = lo.id_lista WHERE l.nombre = 'UnidadMedida' AND UPPER(lo.nombre) = UPPER('KG') AND lo.estado = 1 LIMIT 1), 1, 5, 1, 1 FROM pro_producto p WHERE p.es_gas = TRUE AND UPPER(TRIM(p.nombre)) = UPPER(TRIM('DIÓXIDO DE CARBONO')) AND NOT EXISTS (SELECT 1 FROM bal_tipo_balon t WHERE UPPER(TRIM(t.nombre)) = UPPER(TRIM('Dióxido de carbono 13 kg'))) LIMIT 1;
A25: OK | B25: Dióxido de carbono 25 kg | C25: DIÓXIDO DE CARBONO | D25: 25 | E25: KG | F25: INSERT INTO bal_tipo_balon (nombre, id_gas, capacidad, id_unidad_medida, estado, vigencia_ph_anios, id_usuario_creacion, id_usuario_modificacion) SELECT 'Dióxido de carbono 25 kg', p.id, 25.0, (SELECT id FROM gen_lista_opciones lo JOIN gen_lista l ON l.id = lo.id_lista WHERE l.nombre = 'UnidadMedida' AND UPPER(lo.nombre) = UPPER('KG') AND lo.estado = 1 LIMIT 1), 1, 5, 1, 1 FROM pro_producto p WHERE p.es_gas = TRUE AND UPPER(TRIM(p.nombre)) = UPPER(TRIM('DIÓXIDO DE CARBONO')) AND NOT EXISTS (SELECT 1 FROM bal_tipo_balon t WHERE UPPER(TRIM(t.nombre)) = UPPER(TRIM('Dióxido de carbono 25 kg'))) LIMIT 1;
A26: OK | B26: DIOXIDO DE CARBONO 3 KG | C26: DIÓXIDO DE CARBONO | D26: 3 | E26: KG | F26: INSERT INTO bal_tipo_balon (nombre, id_gas, capacidad, id_unidad_medida, estado, vigencia_ph_anios, id_usuario_creacion, id_usuario_modificacion) SELECT 'DIOXIDO DE CARBONO 3 KG', p.id, 3.0, (SELECT id FROM gen_lista_opciones lo JOIN gen_lista l ON l.id = lo.id_lista WHERE l.nombre = 'UnidadMedida' AND UPPER(lo.nombre) = UPPER('KG') AND lo.estado = 1 LIMIT 1), 1, 5, 1, 1 FROM pro_producto p WHERE p.es_gas = TRUE AND UPPER(TRIM(p.nombre)) = UPPER(TRIM('DIÓXIDO DE CARBONO')) AND NOT EXISTS (SELECT 1 FROM bal_tipo_balon t WHERE UPPER(TRIM(t.nombre)) = UPPER(TRIM('DIOXIDO DE CARBONO 3 KG'))) LIMIT 1;
A27: OK | B27: Dióxido de carbono 30 kg | C27: DIÓXIDO DE CARBONO | D27: 30 | E27: KG | F27: INSERT INTO bal_tipo_balon (nombre, id_gas, capacidad, id_unidad_medida, estado, vigencia_ph_anios, id_usuario_creacion, id_usuario_modificacion) SELECT 'Dióxido de carbono 30 kg', p.id, 30.0, (SELECT id FROM gen_lista_opciones lo JOIN gen_lista l ON l.id = lo.id_lista WHERE l.nombre = 'UnidadMedida' AND UPPER(lo.nombre) = UPPER('KG') AND lo.estado = 1 LIMIT 1), 1, 5, 1, 1 FROM pro_producto p WHERE p.es_gas = TRUE AND UPPER(TRIM(p.nombre)) = UPPER(TRIM('DIÓXIDO DE CARBONO')) AND NOT EXISTS (SELECT 1 FROM bal_tipo_balon t WHERE UPPER(TRIM(t.nombre)) = UPPER(TRIM('Dióxido de carbono 30 kg'))) LIMIT 1;
A28: OK | B28: Dióxido de carbono 7 kg | C28: DIÓXIDO DE CARBONO | D28: 7 | E28: KG | F28: INSERT INTO bal_tipo_balon (nombre, id_gas, capacidad, id_unidad_medida, estado, vigencia_ph_anios, id_usuario_creacion, id_usuario_modificacion) SELECT 'Dióxido de carbono 7 kg', p.id, 7.0, (SELECT id FROM gen_lista_opciones lo JOIN gen_lista l ON l.id = lo.id_lista WHERE l.nombre = 'UnidadMedida' AND UPPER(lo.nombre) = UPPER('KG') AND lo.estado = 1 LIMIT 1), 1, 5, 1, 1 FROM pro_producto p WHERE p.es_gas = TRUE AND UPPER(TRIM(p.nombre)) = UPPER(TRIM('DIÓXIDO DE CARBONO')) AND NOT EXISTS (SELECT 1 FROM bal_tipo_balon t WHERE UPPER(TRIM(t.nombre)) = UPPER(TRIM('Dióxido de carbono 7 kg'))) LIMIT 1;
A29: OK | B29: DIOXIDO DE CARBONO 9 KG | C29: DIÓXIDO DE CARBONO | D29: 9 | E29: KG | F29: INSERT INTO bal_tipo_balon (nombre, id_gas, capacidad, id_unidad_medida, estado, vigencia_ph_anios, id_usuario_creacion, id_usuario_modificacion) SELECT 'DIOXIDO DE CARBONO 9 KG', p.id, 9.0, (SELECT id FROM gen_lista_opciones lo JOIN gen_lista l ON l.id = lo.id_lista WHERE l.nombre = 'UnidadMedida' AND UPPER(lo.nombre) = UPPER('KG') AND lo.estado = 1 LIMIT 1), 1, 5, 1, 1 FROM pro_producto p WHERE p.es_gas = TRUE AND UPPER(TRIM(p.nombre)) = UPPER(TRIM('DIÓXIDO DE CARBONO')) AND NOT EXISTS (SELECT 1 FROM bal_tipo_balon t WHERE UPPER(TRIM(t.nombre)) = UPPER(TRIM('DIOXIDO DE CARBONO 9 KG'))) LIMIT 1;
A30: OK | B30: Dioxido de Carbono de 12 kg | C30: DIÓXIDO DE CARBONO | D30: 12 | E30: KG | F30: INSERT INTO bal_tipo_balon (nombre, id_gas, capacidad, id_unidad_medida, estado, vigencia_ph_anios, id_usuario_creacion, id_usuario_modificacion) SELECT 'Dioxido de Carbono de 12 kg', p.id, 12.0, (SELECT id FROM gen_lista_opciones lo JOIN gen_lista l ON l.id = lo.id_lista WHERE l.nombre = 'UnidadMedida' AND UPPER(lo.nombre) = UPPER('KG') AND lo.estado = 1 LIMIT 1), 1, 5, 1, 1 FROM pro_producto p WHERE p.es_gas = TRUE AND UPPER(TRIM(p.nombre)) = UPPER(TRIM('DIÓXIDO DE CARBONO')) AND NOT EXISTS (SELECT 1 FROM bal_tipo_balon t WHERE UPPER(TRIM(t.nombre)) = UPPER(TRIM('Dioxido de Carbono de 12 kg'))) LIMIT 1;
A31: OK | B31: Etil 10 m³ | C31: ETILENO | D31: 10 | E31: MT3 | F31: INSERT INTO bal_tipo_balon (nombre, id_gas, capacidad, id_unidad_medida, estado, vigencia_ph_anios, id_usuario_creacion, id_usuario_modificacion) SELECT 'Etil 10 m³', p.id, 10.0, (SELECT id FROM gen_lista_opciones lo JOIN gen_lista l ON l.id = lo.id_lista WHERE l.nombre = 'UnidadMedida' AND UPPER(lo.nombre) = UPPER('MT3') AND lo.estado = 1 LIMIT 1), 1, 5, 1, 1 FROM pro_producto p WHERE p.es_gas = TRUE AND UPPER(TRIM(p.nombre)) = UPPER(TRIM('ETILENO')) AND NOT EXISTS (SELECT 1 FROM bal_tipo_balon t WHERE UPPER(TRIM(t.nombre)) = UPPER(TRIM('Etil 10 m³'))) LIMIT 1;
A32: OK | B32: Gas Propano 10 kg | C32: OXIGENO INDUSTRIAL | D32: 10 | E32: KG | F32: INSERT INTO bal_tipo_balon (nombre, id_gas, capacidad, id_unidad_medida, estado, vigencia_ph_anios, id_usuario_creacion, id_usuario_modificacion) SELECT 'Gas Propano 10 kg', p.id, 10.0, (SELECT id FROM gen_lista_opciones lo JOIN gen_lista l ON l.id = lo.id_lista WHERE l.nombre = 'UnidadMedida' AND UPPER(lo.nombre) = UPPER('KG') AND lo.estado = 1 LIMIT 1), 1, 5, 1, 1 FROM pro_producto p WHERE p.es_gas = TRUE AND UPPER(TRIM(p.nombre)) = UPPER(TRIM('OXIGENO INDUSTRIAL')) AND NOT EXISTS (SELECT 1 FROM bal_tipo_balon t WHERE UPPER(TRIM(t.nombre)) = UPPER(TRIM('Gas Propano 10 kg'))) LIMIT 1;
... A55: OK | B55: Stargold Estandar de 7 m3 | C55: STARGOLD ESTANDAR | D55: 7 | E55: MT3 | F55: INSERT INTO bal_tipo_balon (nombre, id_gas, capacidad, id_unidad_medida, estado, vigencia_ph_anios, id_usuario_creacion, id_usuario_modificacion) SELECT 'Stargold Estandar de 7 m3', p.id, 7.0, (SELECT id FROM gen_lista_opciones lo JOIN gen_lista l ON l.id = lo.id_lista WHERE l.nombre = 'UnidadMedida' AND UPPER(lo.nombre) = UPPER('MT3') AND lo.estado = 1 LIMIT 1), 1, 5, 1, 1 FROM pro_producto p WHERE p.es_gas = TRUE AND UPPER(TRIM(p.nombre)) = UPPER(TRIM('STARGOLD ESTANDAR')) AND NOT EXISTS (SELECT 1 FROM bal_tipo_balon t WHERE UPPER(TRIM(t.nombre)) = UPPER(TRIM('Stargold Estandar de 7 m3'))) LIMIT 1;

Sheet Clientes
B1: 1) CLIENTES → tabla cli_clientes (función cli_crear_clientes)
B2: Llenar PRIMERO esta hoja. Debe indicar Razón social (empresa) O Nombres (persona). El N° de documento no puede repetirse y se usa como llave en las demás hojas. La dirección de esta hoja queda como dirección principal.
A3: (validación) | B3: id_tipo_documento | C3: numero_documento | D3: razon_social | E3: nombres | F3: apellido_paterno | G3: apellido_materno | H3: id_tipo_persona | I3: id_tipo_cliente | J3: cli_direcciones.direccion (principal) | K3: cli_direcciones.referencia | L3: telefono | M3: email | N3: codigo_interno | O3: observacion | P3: (sentencia SQL)
A4: Chequeo | B4: Tipo documento | C4: N° documento | D4: Razón social | E4: Nombres | F4: Apellido paterno | G4: Apellido materno | H4: Tipo persona | I4: Tipo cliente | J4: Dirección principal | K4: Referencia | L4: Teléfono | M4: Email | N4: Código interno | O4: Observación | P4: SQL
A5: =IF(AND(D5="",E5="",C5=""),"",IF(AND(D5="",E5=""),"FALTA razón social o nombres",IF(AND(C5<>"",SUMPRODUCT(--($C$5:$C$549=C5))>1),"DOCUMENTO DUPLICADO",IF(AND(B5="DNI",C5<>"",LEN(C5&"")<>8),"DNI debe tener 8 dígitos",IF(AND(B5="RUC",C5<>"",LEN(C5&"")<>11),"RUC debe tener 11 dígitos",IF(AND(N5<>"",SUMPRODUCT(--($N$5:$N$549=N5))>1),"CÓDIGO INTERNO DUPLICADO","OK")))))) | B5: RUC | C5: 20608006738 | D5: ACEROX GUZMAN S.A.C. | H5: Persona Jurídica | I5: Cliente | P5: =IF(A5<>"OK","","SELECT cli_crear_clientes(p_codigo_interno => "&IF(TRIM(N5&"")="","NULL","'"&SUBSTITUTE(TRIM(N5),"'","''")&"'")&", p_razon_social => "&IF(TRIM(D5&"")="","NULL","'"&SUBSTITUTE(TRIM(D5),"'","''")&"'")&", p_id_tipo_cliente => "&IF(TRIM(I5&"")="","NULL","(SELECT lo.id FROM gen_lista_opciones lo JOIN gen_lista l ON l.id = lo.id_lista WHERE l.nombre = 'TipoCliente' AND upper(lo.nombre) = upper('"&SUBSTITUTE(TRIM(I5),"'","''")&"') AND lo.estado = 1 LIMIT 1)")&", p_id_tipo_persona => "&IF(TRIM(H5&"")="","NULL","(SELECT lo.id FROM gen_lista_opciones lo JOIN gen_lista l ON l.id = lo.id_lista WHERE l.nombre = 'TipoPersona' AND upper(lo.nombre) = upper('"&SUBSTITUTE(TRIM(H5),"'","''")&"') AND lo.estado = 1 LIMIT 1)")&", p_nombres => "&IF(TRIM(E5&"")="","NULL","'"&SUBSTITUTE(TRIM(E5),"'","''")&"'")&", p_apellido_paterno => "&IF(TRIM(F5&"")="","NULL","'"&SUBSTITUTE(TRIM(F5),"'","''")&"'")&", p_apellido_materno => "&IF(TRIM(G5&"")="","NULL","'"&SUBSTITUTE(TRIM(G5),"'","''")&"'")&", p_id_tipo_documento => "&IF(TRIM(B5&"")="","NULL","(SELECT lo.id FROM gen_lista_opciones lo JOIN gen_lista l ON l.id = lo.id_lista WHERE l.nombre = 'TipoDocumento' AND upper(lo.nombre) = upper('"&SUBSTITUTE(TRIM(B5),"'","''")&"') AND lo.estado = 1 LIMIT 1)")&", p_numero_documento => "&IF(TRIM(C5&"")="","NULL","'"&SUBSTITUTE(TRIM(C5),"'","''")&"'")&", p_telefono => "&IF(TRIM(L5&"")="","NULL","'"&SUBSTITUTE(TRIM(L5),"'","''")&"'")&", p_email => "&IF(TRIM(M5&"")="","NULL","'"&SUBSTITUTE(TRIM(M5),"'","''")&"'")&", p_observacion => "&IF(TRIM(O5&"")="","NULL","'"&SUBSTITUTE(TRIM(O5),"'","''")&"'")&", p_direccion => "&IF(TRIM(J5&"")="","NULL","'"&SUBSTITUTE(TRIM(J5),"'","''")&"'")&", p_referencia => "&IF(TRIM(K5&"")="","NULL","'"&SUBSTITUTE(TRIM(K5),"'","''")&"'")&") AS resultado_cliente_"&ROW()&";")
A6: =IF(AND(D6="",E6="",C6=""),"",IF(AND(D6="",E6=""),"FALTA razón social o nombres",IF(AND(C6<>"",SUMPRODUCT(--($C$5:$C$549=C6))>1),"DOCUMENTO DUPLICADO",IF(AND(B6="DNI",C6<>"",LEN(C6&"")<>8),"DNI debe tener 8 dígitos",IF(AND(B6="RUC",C6<>"",LEN(C6&"")<>11),"RUC debe tener 11 dígitos",IF(AND(N6<>"",SUMPRODUCT(--($N$5:$N$549=N6))>1),"CÓDIGO INTERNO DUPLICADO","OK")))))) | B6: RUC | C6: 10448235012 | D6: AGUILAR HERRERA EDILBERTO | H6: Persona Jurídica | I6: Cliente | P6: =IF(A6<>"OK","","SELECT cli_crear_clientes(p_codigo_interno => "&IF(TRIM(N6&"")="","NULL","'"&SUBSTITUTE(TRIM(N6),"'","''")&"'")&", p_razon_social => "&IF(TRIM(D6&"")="","NULL","'"&SUBSTITUTE(TRIM(D6),"'","''")&"'")&", p_id_tipo_cliente => "&IF(TRIM(I6&"")="","NULL","(SELECT lo.id FROM gen_lista_opciones lo JOIN gen_lista l ON l.id = lo.id_lista WHERE l.nombre = 'TipoCliente' AND upper(lo.nombre) = upper('"&SUBSTITUTE(TRIM(I6),"'","''")&"') AND lo.estado = 1 LIMIT 1)")&", p_id_tipo_persona => "&IF(TRIM(H6&"")="","NULL","(SELECT lo.id FROM gen_lista_opciones lo JOIN gen_lista l ON l.id = lo.id_lista WHERE l.nombre = 'TipoPersona' AND upper(lo.nombre) = upper('"&SUBSTITUTE(TRIM(H6),"'","''")&"') AND lo.estado = 1 LIMIT 1)")&", p_nombres => "&IF(TRIM(E6&"")="","NULL","'"&SUBSTITUTE(TRIM(E6),"'","''")&"'")&", p_apellido_paterno => "&IF(TRIM(F6&"")="","NULL","'"&SUBSTITUTE(TRIM(F6),"'","''")&"'")&", p_apellido_materno => "&IF(TRIM(G6&"")="","NULL","'"&SUBSTITUTE(TRIM(G6),"'","''")&"'")&", p_id_tipo_documento => "&IF(TRIM(B6&"")="","NULL","(SELECT lo.id FROM gen_lista_opciones lo JOIN gen_lista l ON l.id = lo.id_lista WHERE l.nombre = 'TipoDocumento' AND upper(lo.nombre) = upper('"&SUBSTITUTE(TRIM(B6),"'","''")&"') AND lo.estado = 1 LIMIT 1)")&", p_numero_documento => "&IF(TRIM(C6&"")="","NULL","'"&SUBSTITUTE(TRIM(C6),"'","''")&"'")&", p_telefono => "&IF(TRIM(L6&"")="","NULL","'"&SUBSTITUTE(TRIM(L6),"'","''")&"'")&", p_email => "&IF(TRIM(M6&"")="","NULL","'"&SUBSTITUTE(TRIM(M6),"'","''")&"'")&", p_observacion => "&IF(TRIM(O6&"")="","NULL","'"&SUBSTITUTE(TRIM(O6),"'","''")&"'")&", p_direccion => "&IF(TRIM(J6&"")="","NULL","'"&SUBSTITUTE(TRIM(J6),"'","''")&"'")&", p_referencia => "&IF(TRIM(K6&"")="","NULL","'"&SUBSTITUTE(TRIM(K6),"'","''")&"'")&") AS resultado_cliente_"&ROW()&";")
A7: =IF(AND(D7="",E7="",C7=""),"",IF(AND(D7="",E7=""),"FALTA razón social o nombres",IF(AND(C7<>"",SUMPRODUCT(--($C$5:$C$549=C7))>1),"DOCUMENTO DUPLICADO",IF(AND(B7="DNI",C7<>"",LEN(C7&"")<>8),"DNI debe tener 8 dígitos",IF(AND(B7="RUC",C7<>"",LEN(C7&"")<>11),"RUC debe tener 11 dígitos",IF(AND(N7<>"",SUMPRODUCT(--($N$5:$N$549=N7))>1),"CÓDIGO INTERNO DUPLICADO","OK")))))) | B7: RUC | C7: 20604549401 | D7: AIRPROJECT & CARBIDE PERU S.A.C. - AIRPROJECT & CARBIDE S.A.C. | H7: Persona Jurídica | I7: Proveedor | J7: MZA. B LOTE. 8 OTR. CP SOL Y CAMPO (COSTADO GRIFO CAMPO SOL) | P7: =IF(A7<>"OK","","SELECT cli_crear_clientes(p_codigo_interno => "&IF(TRIM(N7&"")="","NULL","'"&SUBSTITUTE(TRIM(N7),"'","''")&"'")&", p_razon_social => "&IF(TRIM(D7&"")="","NULL","'"&SUBSTITUTE(TRIM(D7),"'","''")&"'")&", p_id_tipo_cliente => "&IF(TRIM(I7&"")="","NULL","(SELECT lo.id FROM gen_lista_opciones lo JOIN gen_lista l ON l.id = lo.id_lista WHERE l.nombre = 'TipoCliente' AND upper(lo.nombre) = upper('"&SUBSTITUTE(TRIM(I7),"'","''")&"') AND lo.estado = 1 LIMIT 1)")&", p_id_tipo_persona => "&IF(TRIM(H7&"")="","NULL","(SELECT lo.id FROM gen_lista_opciones lo JOIN gen_lista l ON l.id = lo.id_lista WHERE l.nombre = 'TipoPersona' AND upper(lo.nombre) = upper('"&SUBSTITUTE(TRIM(H7),"'","''")&"') AND lo.estado = 1 LIMIT 1)")&", p_nombres => "&IF(TRIM(E7&"")="","NULL","'"&SUBSTITUTE(TRIM(E7),"'","''")&"'")&", p_apellido_paterno => "&IF(TRIM(F7&"")="","NULL","'"&SUBSTITUTE(TRIM(F7),"'","''")&"'")&", p_apellido_materno => "&IF(TRIM(G7&"")="","NULL","'"&SUBSTITUTE(TRIM(G7),"'","''")&"'")&", p_id_tipo_documento => "&IF(TRIM(B7&"")="","NULL","(SELECT lo.id FROM gen_lista_opciones lo JOIN gen_lista l ON l.id = lo.id_lista WHERE l.nombre = 'TipoDocumento' AND upper(lo.nombre) = upper('"&SUBSTITUTE(TRIM(B7),"'","''")&"') AND lo.estado = 1 LIMIT 1)")&", p_numero_documento => "&IF(TRIM(C7&"")="","NULL","'"&SUBSTITUTE(TRIM(C7),"'","''")&"'")&", p_telefono => "&IF(TRIM(L7&"")="","NULL","'"&SUBSTITUTE(TRIM(L7),"'","''")&"'")&", p_email => "&IF(TRIM(M7&"")="","NULL","'"&SUBSTITUTE(TRIM(M7),"'","''")&"'")&", p_observacion => "&IF(TRIM(O7&"")="","NULL","'"&SUBSTITUTE(TRIM(O7),"'","''")&"'")&", p_direccion => "&IF(TRIM(J7&"")="","NULL","'"&SUBSTITUTE(TRIM(J7),"'","''")&"'")&", p_referencia => "&IF(TRIM(K7&"")="","NULL","'"&SUBSTITUTE(TRIM(K7),"'","''")&"'")&") AS resultado_cliente_"&ROW()&";")
A8: =IF(AND(D8="",E8="",C8=""),"",IF(AND(D8="",E8=""),"FALTA razón social o nombres",IF(AND(C8<>"",SUMPRODUCT(--($C$5:$C$549=C8))>1),"DOCUMENTO DUPLICADO",IF(AND(B8="DNI",C8<>"",LEN(C8&"")<>8),"DNI debe tener 8 dígitos",IF(AND(B8="RUC",C8<>"",LEN(C8&"")<>11),"RUC debe tener 11 dígitos",IF(AND(N8<>"",SUMPRODUCT(--($N$5:$N$549=N8))>1),"CÓDIGO INTERNO DUPLICADO","OK")))))) | B8: RUC | C8: 20480823860 | D8: ALIAZIONE COSTRUZIONE E SALDATURA E.I.R.L. | H8: Persona Jurídica | I8: Cliente | P8: =IF(A8<>"OK","","SELECT cli_crear_clientes(p_codigo_interno => "&IF(TRIM(N8&"")="","NULL","'"&SUBSTITUTE(TRIM(N8),"'","''")&"'")&", p_razon_social => "&IF(TRIM(D8&"")="","NULL","'"&SUBSTITUTE(TRIM(D8),"'","''")&"'")&", p_id_tipo_cliente => "&IF(TRIM(I8&"")="","NULL","(SELECT lo.id FROM gen_lista_opciones lo JOIN gen_lista l ON l.id = lo.id_lista WHERE l.nombre = 'TipoCliente' AND upper(lo.nombre) = upper('"&SUBSTITUTE(TRIM(I8),"'","''")&"') AND lo.estado = 1 LIMIT 1)")&", p_id_tipo_persona => "&IF(TRIM(H8&"")="","NULL","(SELECT lo.id FROM gen_lista_opciones lo JOIN gen_lista l ON l.id = lo.id_lista WHERE l.nombre = 'TipoPersona' AND upper(lo.nombre) = upper('"&SUBSTITUTE(TRIM(H8),"'","''")&"') AND lo.estado = 1 LIMIT 1)")&", p_nombres => "&IF(TRIM(E8&"")="","NULL","'"&SUBSTITUTE(TRIM(E8),"'","''")&"'")&", p_apellido_paterno => "&IF(TRIM(F8&"")="","NULL","'"&SUBSTITUTE(TRIM(F8),"'","''")&"'")&", p_apellido_materno => "&IF(TRIM(G8&"")="","NULL","'"&SUBSTITUTE(TRIM(G8),"'","''")&"'")&", p_id_tipo_documento => "&IF(TRIM(B8&"")="","NULL","(SELECT lo.id FROM gen_lista_opciones lo JOIN gen_lista l ON l.id = lo.id_lista WHERE l.nombre = 'TipoDocumento' AND upper(lo.nombre) = upper('"&SUBSTITUTE(TRIM(B8),"'","''")&"') AND lo.estado = 1 LIMIT 1)")&", p_numero_documento => "&IF(TRIM(C8&"")="","NULL","'"&SUBSTITUTE(TRIM(C8),"'","''")&"'")&", p_telefono => "&IF(TRIM(L8&"")="","NULL","'"&SUBSTITUTE(TRIM(L8),"'","''")&"'")&", p_email => "&IF(TRIM(M8&"")="","NULL","'"&SUBSTITUTE(TRIM(M8),"'","''")&"'")&", p_observacion => "&IF(TRIM(O8&"")="","NULL","'"&SUBSTITUTE(TRIM(O8),"'","''")&"'")&", p_direccion => "&IF(TRIM(J8&"")="","NULL","'"&SUBSTITUTE(TRIM(J8),"'","''")&"'")&", p_referencia => "&IF(TRIM(K8&"")="","NULL","'"&SUBSTITUTE(TRIM(K8),"'","''")&"'")&") AS resultado_cliente_"&ROW()&";")
A9: =IF(AND(D9="",E9="",C9=""),"",IF(AND(D9="",E9=""),"FALTA razón social o nombres",IF(AND(C9<>"",SUMPRODUCT(--($C$5:$C$549=C9))>1),"DOCUMENTO DUPLICADO",IF(AND(B9="DNI",C9<>"",LEN(C9&"")<>8),"DNI debe tener 8 dígitos",IF(AND(B9="RUC",C9<>"",LEN(C9&"")<>11),"RUC debe tener 11 dígitos",IF(AND(N9<>"",SUMPRODUCT(--($N$5:$N$549=N9))>1),"CÓDIGO INTERNO DUPLICADO","OK")))))) | B9: DNI | C9: 41390177 | E9: CARLOS ALBERTO | F9: ALFARO | G9: ACUÑA | H9: Persona Natural | I9: Cliente | P9: =IF(A9<>"OK","","SELECT cli_crear_clientes(p_codigo_interno => "&IF(TRIM(N9&"")="","NULL","'"&SUBSTITUTE(TRIM(N9),"'","''")&"'")&", p_razon_social => "&IF(TRIM(D9&"")="","NULL","'"&SUBSTITUTE(TRIM(D9),"'","''")&"'")&", p_id_tipo_cliente => "&IF(TRIM(I9&"")="","NULL","(SELECT lo.id FROM gen_lista_opciones lo JOIN gen_lista l ON l.id = lo.id_lista WHERE l.nombre = 'TipoCliente' AND upper(lo.nombre) = upper('"&SUBSTITUTE(TRIM(I9),"'","''")&"') AND lo.estado = 1 LIMIT 1)")&", p_id_tipo_persona => "&IF(TRIM(H9&"")="","NULL","(SELECT lo.id FROM gen_lista_opciones lo JOIN gen_lista l ON l.id = lo.id_lista WHERE l.nombre = 'TipoPersona' AND upper(lo.nombre) = upper('"&SUBSTITUTE(TRIM(H9),"'","''")&"') AND lo.estado = 1 LIMIT 1)")&", p_nombres => "&IF(TRIM(E9&"")="","NULL","'"&SUBSTITUTE(TRIM(E9),"'","''")&"'")&", p_apellido_paterno => "&IF(TRIM(F9&"")="","NULL","'"&SUBSTITUTE(TRIM(F9),"'","''")&"'")&", p_apellido_materno => "&IF(TRIM(G9&"")="","NULL","'"&SUBSTITUTE(TRIM(G9),"'","''")&"'")&", p_id_tipo_documento => "&IF(TRIM(B9&"")="","NULL","(SELECT lo.id FROM gen_lista_opciones lo JOIN gen_lista l ON l.id = lo.id_lista WHERE l.nombre = 'TipoDocumento' AND upper(lo.nombre) = upper('"&SUBSTITUTE(TRIM(B9),"'","''")&"') AND lo.estado = 1 LIMIT 1)")&", p_numero_documento => "&IF(TRIM(C9&"")="","NULL","'"&SUBSTITUTE(TRIM(C9),"'","''")&"'")&", p_telefono => "&IF(TRIM(L9&"")="","NULL","'"&SUBSTITUTE(TRIM(L9),"'","''")&"'")&", p_email => "&IF(TRIM(M9&"")="","NULL","'"&SUBSTITUTE(TRIM(M9),"'","''")&"'")&", p_observacion => "&IF(TRIM(O9&"")="","NULL","'"&SUBSTITUTE(TRIM(O9),"'","''")&"'")&", p_direccion => "&IF(TRIM(J9&"")="","NULL","'"&SUBSTITUTE(TRIM(J9),"'","''")&"'")&", p_referencia => "&IF(TRIM(K9&"")="","NULL","'"&SUBSTITUTE(TRIM(K9),"'","''")&"'")&") AS resultado_cliente_"&ROW()&";")
A10: =IF(AND(D10="",E10="",C10=""),"",IF(AND(D10="",E10=""),"FALTA razón social o nombres",IF(AND(C10<>"",SUMPRODUCT(--($C$5:$C$549=C10))>1),"DOCUMENTO DUPLICADO",IF(AND(B10="DNI",C10<>"",LEN(C10&"")<>8),"DNI debe tener 8 dígitos",IF(AND(B10="RUC",C10<>"",LEN(C10&"")<>11),"RUC debe tener 11 dígitos",IF(AND(N10<>"",SUMPRODUCT(--($N$5:$N$549=N10))>1),"CÓDIGO INTERNO DUPLICADO","OK")))))) | B10: DNI | C10: 41554093 | E10: JULIO CESAR | F10: SANTAMARIA | G10: CHAPOÑAN | H10: Persona Natural | I10: Cliente | P10: =IF(A10<>"OK","","SELECT cli_crear_clientes(p_codigo_interno => "&IF(TRIM(N10&"")="","NULL","'"&SUBSTITUTE(TRIM(N10),"'","''")&"'")&", p_razon_social => "&IF(TRIM(D10&"")="","NULL","'"&SUBSTITUTE(TRIM(D10),"'","''")&"'")&", p_id_tipo_cliente => "&IF(TRIM(I10&"")="","NULL","(SELECT lo.id FROM gen_lista_opciones lo JOIN gen_lista l ON l.id = lo.id_lista WHERE l.nombre = 'TipoCliente' AND upper(lo.nombre) = upper('"&SUBSTITUTE(TRIM(I10),"'","''")&"') AND lo.estado = 1 LIMIT 1)")&", p_id_tipo_persona => "&IF(TRIM(H10&"")="","NULL","(SELECT lo.id FROM gen_lista_opciones lo JOIN gen_lista l ON l.id = lo.id_lista WHERE l.nombre = 'TipoPersona' AND upper(lo.nombre) = upper('"&SUBSTITUTE(TRIM(H10),"'","''")&"') AND lo.estado = 1 LIMIT 1)")&", p_nombres => "&IF(TRIM(E10&"")="","NULL","'"&SUBSTITUTE(TRIM(E10),"'","''")&"'")&", p_apellido_paterno => "&IF(TRIM(F10&"")="","NULL","'"&SUBSTITUTE(TRIM(F10),"'","''")&"'")&", p_apellido_materno => "&IF(TRIM(G10&"")="","NULL","'"&SUBSTITUTE(TRIM(G10),"'","''")&"'")&", p_id_tipo_documento => "&IF(TRIM(B10&"")="","NULL","(SELECT lo.id FROM gen_lista_opciones lo JOIN gen_lista l ON l.id = lo.id_lista WHERE l.nombre = 'TipoDocumento' AND upper(lo.nombre) = upper('"&SUBSTITUTE(TRIM(B10),"'","''")&"') AND lo.estado = 1 LIMIT 1)")&", p_numero_documento => "&IF(TRIM(C10&"")="","NULL","'"&SUBSTITUTE(TRIM(C10),"'","''")&"'")&", p_telefono => "&IF(TRIM(L10&"")="","NULL","'"&SUBSTITUTE(TRIM(L10),"'","''")&"'")&", p_email => "&IF(TRIM(M10&"")="","NULL","'"&SUBSTITUTE(TRIM(M10),"'","''")&"'")&", p_observacion => "&IF(TRIM(O10&"")="","NULL","'"&SUBSTITUTE(TRIM(O10),"'","''")&"'")&", p_direccion => "&IF(TRIM(J10&"")="","NULL","'"&SUBSTITUTE(TRIM(J10),"'","''")&"'")&", p_referencia => "&IF(TRIM(K10&"")="","NULL","'"&SUBSTITUTE(TRIM(K10),"'","''")&"'")&") AS resultado_cliente_"&ROW()&";")
A11: =IF(AND(D11="",E11="",C11=""),"",IF(AND(D11="",E11=""),"FALTA razón social o nombres",IF(AND(C11<>"",SUMPRODUCT(--($C$5:$C$549=C11))>1),"DOCUMENTO DUPLICADO",IF(AND(B11="DNI",C11<>"",LEN(C11&"")<>8),"DNI debe tener 8 dígitos",IF(AND(B11="RUC",C11<>"",LEN(C11&"")<>11),"RUC debe tener 11 dígitos",IF(AND(N11<>"",SUMPRODUCT(--($N$5:$N$549=N11))>1),"CÓDIGO INTERNO DUPLICADO","OK")))))) | B11: DNI | C11: 16482081 | E11: MYRIAM ERLINDA | F11: SALDARRIAGA | G11: MEJIA | H11: Persona Natural | I11: Cliente | P11: =IF(A11<>"OK","","SELECT cli_crear_clientes(p_codigo_interno => "&IF(TRIM(N11&"")="","NULL","'"&SUBSTITUTE(TRIM(N11),"'","''")&"'")&", p_razon_social => "&IF(TRIM(D11&"")="","NULL","'"&SUBSTITUTE(TRIM(D11),"'","''")&"'")&", p_id_tipo_cliente => "&IF(TRIM(I11&"")="","NULL","(SELECT lo.id FROM gen_lista_opciones lo JOIN gen_lista l ON l.id = lo.id_lista WHERE l.nombre = 'TipoCliente' AND upper(lo.nombre) = upper('"&SUBSTITUTE(TRIM(I11),"'","''")&"') AND lo.estado = 1 LIMIT 1)")&", p_id_tipo_persona => "&IF(TRIM(H11&"")="","NULL","(SELECT lo.id FROM gen_lista_opciones lo JOIN gen_lista l ON l.id = lo.id_lista WHERE l.nombre = 'TipoPersona' AND upper(lo.nombre) = upper('"&SUBSTITUTE(TRIM(H11),"'","''")&"') AND lo.estado = 1 LIMIT 1)")&", p_nombres => "&IF(TRIM(E11&"")="","NULL","'"&SUBSTITUTE(TRIM(E11),"'","''")&"'")&", p_apellido_paterno => "&IF(TRIM(F11&"")="","NULL","'"&SUBSTITUTE(TRIM(F11),"'","''")&"'")&", p_apellido_materno => "&IF(TRIM(G11&"")="","NULL","'"&SUBSTITUTE(TRIM(G11),"'","''")&"'")&", p_id_tipo_documento => "&IF(TRIM(B11&"")="","NULL","(SELECT lo.id FROM gen_lista_opciones lo JOIN gen_lista l ON l.id = lo.id_lista WHERE l.nombre = 'TipoDocumento' AND upper(lo.nombre) = upper('"&SUBSTITUTE(TRIM(B11),"'","''")&"') AND lo.estado = 1 LIMIT 1)")&", p_numero_documento => "&IF(TRIM(C11&"")="","NULL","'"&SUBSTITUTE(TRIM(C11),"'","''")&"'")&", p_telefono => "&IF(TRIM(L11&"")="","NULL","'"&SUBSTITUTE(TRIM(L11),"'","''")&"'")&", p_email => "&IF(TRIM(M11&"")="","NULL","'"&SUBSTITUTE(TRIM(M11),"'","''")&"'")&", p_observacion => "&IF(TRIM(O11&"")="","NULL","'"&SUBSTITUTE(TRIM(O11),"'","''")&"'")&", p_direccion => "&IF(TRIM(J11&"")="","NULL","'"&SUBSTITUTE(TRIM(J11),"'","''")&"'")&", p_referencia => "&IF(TRIM(K11&"")="","NULL","'"&SUBSTITUTE(TRIM(K11),"'","''")&"'")&") AS resultado_cliente_"&ROW()&";")
A12: =IF(AND(D12="",E12="",C12=""),"",IF(AND(D12="",E12=""),"FALTA razón social o nombres",IF(AND(C12<>"",SUMPRODUCT(--($C$5:$C$549=C12))>1),"DOCUMENTO DUPLICADO",IF(AND(B12="DNI",C12<>"",LEN(C12&"")<>8),"DNI debe tener 8 dígitos",IF(AND(B12="RUC",C12<>"",LEN(C12&"")<>11),"RUC debe tener 11 dígitos",IF(AND(N12<>"",SUMPRODUCT(--($N$5:$N$549=N12))>1),"CÓDIGO INTERNO DUPLICADO","OK")))))) | B12: DNI | C12: 41037767 | E12: ROSARIO DEL PILAR | F12: ROJAS | G12: CABRERA | H12: Persona Natural | I12: Cliente | P12: =IF(A12<>"OK","","SELECT cli_crear_clientes(p_codigo_interno => "&IF(TRIM(N12&"")="","NULL","'"&SUBSTITUTE(TRIM(N12),"'","''")&"'")&", p_razon_social => "&IF(TRIM(D12&"")="","NULL","'"&SUBSTITUTE(TRIM(D12),"'","''")&"'")&", p_id_tipo_cliente => "&IF(TRIM(I12&"")="","NULL","(SELECT lo.id FROM gen_lista_opciones lo JOIN gen_lista l ON l.id = lo.id_lista WHERE l.nombre = 'TipoCliente' AND upper(lo.nombre) = upper('"&SUBSTITUTE(TRIM(I12),"'","''")&"') AND lo.estado = 1 LIMIT 1)")&", p_id_tipo_persona => "&IF(TRIM(H12&"")="","NULL","(SELECT lo.id FROM gen_lista_opciones lo JOIN gen_lista l ON l.id = lo.id_lista WHERE l.nombre = 'TipoPersona' AND upper(lo.nombre) = upper('"&SUBSTITUTE(TRIM(H12),"'","''")&"') AND lo.estado = 1 LIMIT 1)")&", p_nombres => "&IF(TRIM(E12&"")="","NULL","'"&SUBSTITUTE(TRIM(E12),"'","''")&"'")&", p_apellido_paterno => "&IF(TRIM(F12&"")="","NULL","'"&SUBSTITUTE(TRIM(F12),"'","''")&"'")&", p_apellido_materno => "&IF(TRIM(G12&"")="","NULL","'"&SUBSTITUTE(TRIM(G12),"'","''")&"'")&", p_id_tipo_documento => "&IF(TRIM(B12&"")="","NULL","(SELECT lo.id FROM gen_lista_opciones lo JOIN gen_lista l ON l.id = lo.id_lista WHERE l.nombre = 'TipoDocumento' AND upper(lo.nombre) = upper('"&SUBSTITUTE(TRIM(B12),"'","''")&"') AND lo.estado = 1 LIMIT 1)")&", p_numero_documento => "&IF(TRIM(C12&"")="","NULL","'"&SUBSTITUTE(TRIM(C12),"'","''")&"'")&", p_telefono => "&IF(TRIM(L12&"")="","NULL","'"&SUBSTITUTE(TRIM(L12),"'","''")&"'")&", p_email => "&IF(TRIM(M12&"")="","NULL","'"&SUBSTITUTE(TRIM(M12),"'","''")&"'")&", p_observacion => "&IF(TRIM(O12&"")="","NULL","'"&SUBSTITUTE(TRIM(O12),"'","''")&"'")&", p_direccion => "&IF(TRIM(J12&"")="","NULL","'"&SUBSTITUTE(TRIM(J12),"'","''")&"'")&", p_referencia => "&IF(TRIM(K12&"")="","NULL","'"&SUBSTITUTE(TRIM(K12),"'","''")&"'")&") AS resultado_cliente_"&ROW()&";")
A13: =IF(AND(D13="",E13="",C13=""),"",IF(AND(D13="",E13=""),"FALTA razón social o nombres",IF(AND(C13<>"",SUMPRODUCT(--($C$5:$C$549=C13))>1),"DOCUMENTO DUPLICADO",IF(AND(B13="DNI",C13<>"",LEN(C13&"")<>8),"DNI debe tener 8 dígitos",IF(AND(B13="RUC",C13<>"",LEN(C13&"")<>11),"RUC debe tener 11 dígitos",IF(AND(N13<>"",SUMPRODUCT(--($N$5:$N$549=N13))>1),"CÓDIGO INTERNO DUPLICADO","OK")))))) | B13: RUC | C13: 20523386469 | D13: ALTAVISTA INVERSIONES GLOBALES SOCIEDAD ANONIMA CERRADA - AIG S.A.C. | H13: Persona Jurídica | I13: Cliente | P13: =IF(A13<>"OK","","SELECT cli_crear_clientes(p_codigo_interno => "&IF(TRIM(N13&"")="","NULL","'"&SUBSTITUTE(TRIM(N13),"'","''")&"'")&", p_razon_social => "&IF(TRIM(D13&"")="","NULL","'"&SUBSTITUTE(TRIM(D13),"'","''")&"'")&", p_id_tipo_cliente => "&IF(TRIM(I13&"")="","NULL","(SELECT lo.id FROM gen_lista_opciones lo JOIN gen_lista l ON l.id = lo.id_lista WHERE l.nombre = 'TipoCliente' AND upper(lo.nombre) = upper('"&SUBSTITUTE(TRIM(I13),"'","''")&"') AND lo.estado = 1 LIMIT 1)")&", p_id_tipo_persona => "&IF(TRIM(H13&"")="","NULL","(SELECT lo.id FROM gen_lista_opciones lo JOIN gen_lista l ON l.id = lo.id_lista WHERE l.nombre = 'TipoPersona' AND upper(lo.nombre) = upper('"&SUBSTITUTE(TRIM(H13),"'","''")&"') AND lo.estado = 1 LIMIT 1)")&", p_nombres => "&IF(TRIM(E13&"")="","NULL","'"&SUBSTITUTE(TRIM(E13),"'","''")&"'")&", p_apellido_paterno => "&IF(TRIM(F13&"")="","NULL","'"&SUBSTITUTE(TRIM(F13),"'","''")&"'")&", p_apellido_materno => "&IF(TRIM(G13&"")="","NULL","'"&SUBSTITUTE(TRIM(G13),"'","''")&"'")&", p_id_tipo_documento => "&IF(TRIM(B13&"")="","NULL","(SELECT lo.id FROM gen_lista_opciones lo JOIN gen_lista l ON l.id = lo.id_lista WHERE l.nombre = 'TipoDocumento' AND upper(lo.nombre) = upper('"&SUBSTITUTE(TRIM(B13),"'","''")&"') AND lo.estado = 1 LIMIT 1)")&", p_numero_documento => "&IF(TRIM(C13&"")="","NULL","'"&SUBSTITUTE(TRIM(C13),"'","''")&"'")&", p_telefono => "&IF(TRIM(L13&"")="","NULL","'"&SUBSTITUTE(TRIM(L13),"'","''")&"'")&", p_email => "&IF(TRIM(M13&"")="","NULL","'"&SUBSTITUTE(TRIM(M13),"'","''")&"'")&", p_observacion => "&IF(TRIM(O13&"")="","NULL","'"&SUBSTITUTE(TRIM(O13),"'","''")&"'")&", p_direccion => "&IF(TRIM(J13&"")="","NULL","'"&SUBSTITUTE(TRIM(J13),"'","''")&"'")&", p_referencia => "&IF(TRIM(K13&"")="","NULL","'"&SUBSTITUTE(TRIM(K13),"'","''")&"'")&") AS resultado_cliente_"&ROW()&";")
A14: =IF(AND(D14="",E14="",C14=""),"",IF(AND(D14="",E14=""),"FALTA razón social o nombres",IF(AND(C14<>"",SUMPRODUCT(--($C$5:$C$549=C14))>1),"DOCUMENTO DUPLICADO",IF(AND(B14="DNI",C14<>"",LEN(C14&"")<>8),"DNI debe tener 8 dígitos",IF(AND(B14="RUC",C14<>"",LEN(C14&"")<>11),"RUC debe tener 11 dígitos",IF(AND(N14<>"",SUMPRODUCT(--($N$5:$N$549=N14))>1),"CÓDIGO INTERNO DUPLICADO","OK")))))) | B14: DNI | C14: 45370902 | D14: ANGELES CASTRO ELVIN WANDER | H14: Persona Natural | I14: Cliente | P14: =IF(A14<>"OK","","SELECT cli_crear_clientes(p_codigo_interno => "&IF(TRIM(N14&"")="","NULL","'"&SUBSTITUTE(TRIM(N14),"'","''")&"'")&", p_razon_social => "&IF(TRIM(D14&"")="","NULL","'"&SUBSTITUTE(TRIM(D14),"'","''")&"'")&", p_id_tipo_cliente => "&IF(TRIM(I14&"")="","NULL","(SELECT lo.id FROM gen_lista_opciones lo JOIN gen_lista l ON l.id = lo.id_lista WHERE l.nombre = 'TipoCliente' AND upper(lo.nombre) = upper('"&SUBSTITUTE(TRIM(I14),"'","''")&"') AND lo.estado = 1 LIMIT 1)")&", p_id_tipo_persona => "&IF(TRIM(H14&"")="","NULL","(SELECT lo.id FROM gen_lista_opciones lo JOIN gen_lista l ON l.id = lo.id_lista WHERE l.nombre = 'TipoPersona' AND upper(lo.nombre) = upper('"&SUBSTITUTE(TRIM(H14),"'","''")&"') AND lo.estado = 1 LIMIT 1)")&", p_nombres => "&IF(TRIM(E14&"")="","NULL","'"&SUBSTITUTE(TRIM(E14),"'","''")&"'")&", p_apellido_paterno => "&IF(TRIM(F14&"")="","NULL","'"&SUBSTITUTE(TRIM(F14),"'","''")&"'")&", p_apellido_materno => "&IF(TRIM(G14&"")="","NULL","'"&SUBSTITUTE(TRIM(G14),"'","''")&"'")&", p_id_tipo_documento => "&IF(TRIM(B14&"")="","NULL","(SELECT lo.id FROM gen_lista_opciones lo JOIN gen_lista l ON l.id = lo.id_lista WHERE l.nombre = 'TipoDocumento' AND upper(lo.nombre) = upper('"&SUBSTITUTE(TRIM(B14),"'","''")&"') AND lo.estado = 1 LIMIT 1)")&", p_numero_documento => "&IF(TRIM(C14&"")="","NULL","'"&SUBSTITUTE(TRIM(C14),"'","''")&"'")&", p_telefono => "&IF(TRIM(L14&"")="","NULL","'"&SUBSTITUTE(TRIM(L14),"'","''")&"'")&", p_email => "&IF(TRIM(M14&"")="","NULL","'"&SUBSTITUTE(TRIM(M14),"'","''")&"'")&", p_observacion => "&IF(TRIM(O14&"")="","NULL","'"&SUBSTITUTE(TRIM(O14),"'","''")&"'")&", p_direccion => "&IF(TRIM(J14&"")="","NULL","'"&SUBSTITUTE(TRIM(J14),"'","''")&"'")&", p_referencia => "&IF(TRIM(K14&"")="","NULL","'"&SUBSTITUTE(TRIM(K14),"'","''")&"'")&") AS resultado_cliente_"&ROW()&";")
A15: =IF(AND(D15="",E15="",C15=""),"",IF(AND(D15="",E15=""),"FALTA razón social o nombres",IF(AND(C15<>"",SUMPRODUCT(--($C$5:$C$549=C15))>1),"DOCUMENTO DUPLICADO",IF(AND(B15="DNI",C15<>"",LEN(C15&"")<>8),"DNI debe tener 8 dígitos",IF(AND(B15="RUC",C15<>"",LEN(C15&"")<>11),"RUC debe tener 11 dígitos",IF(AND(N15<>"",SUMPRODUCT(--($N$5:$N$549=N15))>1),"CÓDIGO INTERNO DUPLICADO","OK")))))) | B15: SD | C15: 00001 | E15: DAVID | F15: VALDERA | H15: Persona Natural | I15: Cliente | P15: =IF(A15<>"OK","","SELECT cli_crear_clientes(p_codigo_interno => "&IF(TRIM(N15&"")="","NULL","'"&SUBSTITUTE(TRIM(N15),"'","''")&"'")&", p_razon_social => "&IF(TRIM(D15&"")="","NULL","'"&SUBSTITUTE(TRIM(D15),"'","''")&"'")&", p_id_tipo_cliente => "&IF(TRIM(I15&"")="","NULL","(SELECT lo.id FROM gen_lista_opciones lo JOIN gen_lista l ON l.id = lo.id_lista WHERE l.nombre = 'TipoCliente' AND upper(lo.nombre) = upper('"&SUBSTITUTE(TRIM(I15),"'","''")&"') AND lo.estado = 1 LIMIT 1)")&", p_id_tipo_persona => "&IF(TRIM(H15&"")="","NULL","(SELECT lo.id FROM gen_lista_opciones lo JOIN gen_lista l ON l.id = lo.id_lista WHERE l.nombre = 'TipoPersona' AND upper(lo.nombre) = upper('"&SUBSTITUTE(TRIM(H15),"'","''")&"') AND lo.estado = 1 LIMIT 1)")&", p_nombres => "&IF(TRIM(E15&"")="","NULL","'"&SUBSTITUTE(TRIM(E15),"'","''")&"'")&", p_apellido_paterno => "&IF(TRIM(F15&"")="","NULL","'"&SUBSTITUTE(TRIM(F15),"'","''")&"'")&", p_apellido_materno => "&IF(TRIM(G15&"")="","NULL","'"&SUBSTITUTE(TRIM(G15),"'","''")&"'")&", p_id_tipo_documento => "&IF(TRIM(B15&"")="","NULL","(SELECT lo.id FROM gen_lista_opciones lo JOIN gen_lista l ON l.id = lo.id_lista WHERE l.nombre = 'TipoDocumento' AND upper(lo.nombre) = upper('"&SUBSTITUTE(TRIM(B15),"'","''")&"') AND lo.estado = 1 LIMIT 1)")&", p_numero_documento => "&IF(TRIM(C15&"")="","NULL","'"&SUBSTITUTE(TRIM(C15),"'","''")&"'")&", p_telefono => "&IF(TRIM(L15&"")="","NULL","'"&SUBSTITUTE(TRIM(L15),"'","''")&"'")&", p_email => "&IF(TRIM(M15&"")="","NULL","'"&SUBSTITUTE(TRIM(M15),"'","''")&"'")&", p_observacion => "&IF(TRIM(O15&"")="","NULL","'"&SUBSTITUTE(TRIM(O15),"'","''")&"'")&", p_direccion => "&IF(TRIM(J15&"")="","NULL","'"&SUBSTITUTE(TRIM(J15),"'","''")&"'")&", p_referencia => "&IF(TRIM(K15&"")="","NULL","'"&SUBSTITUTE(TRIM(K15),"'","''")&"'")&") AS resultado_cliente_"&ROW()&";")
A16: =IF(AND(D16="",E16="",C16=""),"",IF(AND(D16="",E16=""),"FALTA razón social o nombres",IF(AND(C16<>"",SUMPRODUCT(--($C$5:$C$549=C16))>1),"DOCUMENTO DUPLICADO",IF(AND(B16="DNI",C16<>"",LEN(C16&"")<>8),"DNI debe tener 8 dígitos",IF(AND(B16="RUC",C16<>"",LEN(C16&"")<>11),"RUC debe tener 11 dígitos",IF(AND(N16<>"",SUMPRODUCT(--($N$5:$N$549=N16))>1),"CÓDIGO INTERNO DUPLICADO","OK")))))) | B16: RUC | C16: 20604078866 | D16: ARGAMAX CONSTRUCTORA CORPORATION S.A.C. | H16: Persona Jurídica | I16: Cliente | J16: CAL.FRANCISCO CUNEO NRO. 223 URB. PATAZCA | P16: =IF(A16<>"OK","","SELECT cli_crear_clientes(p_codigo_interno => "&IF(TRIM(N16&"")="","NULL","'"&SUBSTITUTE(TRIM(N16),"'","''")&"'")&", p_razon_social => "&IF(TRIM(D16&"")="","NULL","'"&SUBSTITUTE(TRIM(D16),"'","''")&"'")&", p_id_tipo_cliente => "&IF(TRIM(I16&"")="","NULL","(SELECT lo.id FROM gen_lista_opciones lo JOIN gen_lista l ON l.id = lo.id_lista WHERE l.nombre = 'TipoCliente' AND upper(lo.nombre) = upper('"&SUBSTITUTE(TRIM(I16),"'","''")&"') AND lo.estado = 1 LIMIT 1)")&", p_id_tipo_persona => "&IF(TRIM(H16&"")="","NULL","(SELECT lo.id FROM gen_lista_opciones lo JOIN gen_lista l ON l.id = lo.id_lista WHERE l.nombre = 'TipoPersona' AND upper(lo.nombre) = upper('"&SUBSTITUTE(TRIM(H16),"'","''")&"') AND lo.estado = 1 LIMIT 1)")&", p_nombres => "&IF(TRIM(E16&"")="","NULL","'"&SUBSTITUTE(TRIM(E16),"'","''")&"'")&", p_apellido_paterno => "&IF(TRIM(F16&"")="","NULL","'"&SUBSTITUTE(TRIM(F16),"'","''")&"'")&", p_apellido_materno => "&IF(TRIM(G16&"")="","NULL","'"&SUBSTITUTE(TRIM(G16),"'","''")&"'")&", p_id_tipo_documento => "&IF(TRIM(B16&"")="","NULL","(SELECT lo.id FROM gen_lista_opciones lo JOIN gen_lista l ON l.id = lo.id_lista WHERE l.nombre = 'TipoDocumento' AND upper(lo.nombre) = upper('"&SUBSTITUTE(TRIM(B16),"'","''")&"') AND lo.estado = 1 LIMIT 1)")&", p_numero_documento => "&IF(TRIM(C16&"")="","NULL","'"&SUBSTITUTE(TRIM(C16),"'","''")&"'")&", p_telefono => "&IF(TRIM(L16&"")="","NULL","'"&SUBSTITUTE(TRIM(L16),"'","''")&"'")&", p_email => "&IF(TRIM(M16&"")="","NULL","'"&SUBSTITUTE(TRIM(M16),"'","''")&"'")&", p_observacion => "&IF(TRIM(O16&"")="","NULL","'"&SUBSTITUTE(TRIM(O16),"'","''")&"'")&", p_direccion => "&IF(TRIM(J16&"")="","NULL","'"&SUBSTITUTE(TRIM(J16),"'","''")&"'")&", p_referencia => "&IF(TRIM(K16&"")="","NULL","'"&SUBSTITUTE(TRIM(K16),"'","''")&"'")&") AS resultado_cliente_"&ROW()&";")
A17: =IF(AND(D17="",E17="",C17=""),"",IF(AND(D17="",E17=""),"FALTA razón social o nombres",IF(AND(C17<>"",SUMPRODUCT(--($C$5:$C$549=C17))>1),"DOCUMENTO DUPLICADO",IF(AND(B17="DNI",C17<>"",LEN(C17&"")<>8),"DNI debe tener 8 dígitos",IF(AND(B17="RUC",C17<>"",LEN(C17&"")<>11),"RUC debe tener 11 dígitos",IF(AND(N17<>"",SUMPRODUCT(--($N$5:$N$549=N17))>1),"CÓDIGO INTERNO DUPLICADO","OK")))))) | B17: DNI | C17: 76881055 | E17: EDGAR RONAL | F17: BRAVO | G17: SANTAMARIA | H17: Persona Natural | I17: Cliente | P17: =IF(A17<>"OK","","SELECT cli_crear_clientes(p_codigo_interno => "&IF(TRIM(N17&"")="","NULL","'"&SUBSTITUTE(TRIM(N17),"'","''")&"'")&", p_razon_social => "&IF(TRIM(D17&"")="","NULL","'"&SUBSTITUTE(TRIM(D17),"'","''")&"'")&", p_id_tipo_cliente => "&IF(TRIM(I17&"")="","NULL","(SELECT lo.id FROM gen_lista_opciones lo JOIN gen_lista l ON l.id = lo.id_lista WHERE l.nombre = 'TipoCliente' AND upper(lo.nombre) = upper('"&SUBSTITUTE(TRIM(I17),"'","''")&"') AND lo.estado = 1 LIMIT 1)")&", p_id_tipo_persona => "&IF(TRIM(H17&"")="","NULL","(SELECT lo.id FROM gen_lista_opciones lo JOIN gen_lista l ON l.id = lo.id_lista WHERE l.nombre = 'TipoPersona' AND upper(lo.nombre) = upper('"&SUBSTITUTE(TRIM(H17),"'","''")&"') AND lo.estado = 1 LIMIT 1)")&", p_nombres => "&IF(TRIM(E17&"")="","NULL","'"&SUBSTITUTE(TRIM(E17),"'","''")&"'")&", p_apellido_paterno => "&IF(TRIM(F17&"")="","NULL","'"&SUBSTITUTE(TRIM(F17),"'","''")&"'")&", p_apellido_materno => "&IF(TRIM(G17&"")="","NULL","'"&SUBSTITUTE(TRIM(G17),"'","''")&"'")&", p_id_tipo_documento => "&IF(TRIM(B17&"")="","NULL","(SELECT lo.id FROM gen_lista_opciones lo JOIN gen_lista l ON l.id = lo.id_lista WHERE l.nombre = 'TipoDocumento' AND upper(lo.nombre) = upper('"&SUBSTITUTE(TRIM(B17),"'","''")&"') AND lo.estado = 1 LIMIT 1)")&", p_numero_documento => "&IF(TRIM(C17&"")="","NULL","'"&SUBSTITUTE(TRIM(C17),"'","''")&"'")&", p_telefono => "&IF(TRIM(L17&"")="","NULL","'"&SUBSTITUTE(TRIM(L17),"'","''")&"'")&", p_email => "&IF(TRIM(M17&"")="","NULL","'"&SUBSTITUTE(TRIM(M17),"'","''")&"'")&", p_observacion => "&IF(TRIM(O17&"")="","NULL","'"&SUBSTITUTE(TRIM(O17),"'","''")&"'")&", p_direccion => "&IF(TRIM(J17&"")="","NULL","'"&SUBSTITUTE(TRIM(J17),"'","''")&"'")&", p_referencia => "&IF(TRIM(K17&"")="","NULL","'"&SUBSTITUTE(TRIM(K17),"'","''")&"'")&") AS resultado_cliente_"&ROW()&";")
A18: =IF(AND(D18="",E18="",C18=""),"",IF(AND(D18="",E18=""),"FALTA razón social o nombres",IF(AND(C18<>"",SUMPRODUCT(--($C$5:$C$549=C18))>1),"DOCUMENTO DUPLICADO",IF(AND(B18="DNI",C18<>"",LEN(C18&"")<>8),"DNI debe tener 8 dígitos",IF(AND(B18="RUC",C18<>"",LEN(C18&"")<>11),"RUC debe tener 11 dígitos",IF(AND(N18<>"",SUMPRODUCT(--($N$5:$N$549=N18))>1),"CÓDIGO INTERNO DUPLICADO","OK")))))) | B18: RUC | C18: 20526140151 | D18: AUTOMAN CHICLAYO E.I.R.L. | H18: Persona Jurídica | I18: Cliente | P18: =IF(A18<>"OK","","SELECT cli_crear_clientes(p_codigo_interno => "&IF(TRIM(N18&"")="","NULL","'"&SUBSTITUTE(TRIM(N18),"'","''")&"'")&", p_razon_social => "&IF(TRIM(D18&"")="","NULL","'"&SUBSTITUTE(TRIM(D18),"'","''")&"'")&", p_id_tipo_cliente => "&IF(TRIM(I18&"")="","NULL","(SELECT lo.id FROM gen_lista_opciones lo JOIN gen_lista l ON l.id = lo.id_lista WHERE l.nombre = 'TipoCliente' AND upper(lo.nombre) = upper('"&SUBSTITUTE(TRIM(I18),"'","''")&"') AND lo.estado = 1 LIMIT 1)")&", p_id_tipo_persona => "&IF(TRIM(H18&"")="","NULL","(SELECT lo.id FROM gen_lista_opciones lo JOIN gen_lista l ON l.id = lo.id_lista WHERE l.nombre = 'TipoPersona' AND upper(lo.nombre) = upper('"&SUBSTITUTE(TRIM(H18),"'","''")&"') AND lo.estado = 1 LIMIT 1)")&", p_nombres => "&IF(TRIM(E18&"")="","NULL","'"&SUBSTITUTE(TRIM(E18),"'","''")&"'")&", p_apellido_paterno => "&IF(TRIM(F18&"")="","NULL","'"&SUBSTITUTE(TRIM(F18),"'","''")&"'")&", p_apellido_materno => "&IF(TRIM(G18&"")="","NULL","'"&SUBSTITUTE(TRIM(G18),"'","''")&"'")&", p_id_tipo_documento => "&IF(TRIM(B18&"")="","NULL","(SELECT lo.id FROM gen_lista_opciones lo JOIN gen_lista l ON l.id = lo.id_lista WHERE l.nombre = 'TipoDocumento' AND upper(lo.nombre) = upper('"&SUBSTITUTE(TRIM(B18),"'","''")&"') AND lo.estado = 1 LIMIT 1)")&", p_numero_documento => "&IF(TRIM(C18&"")="","NULL","'"&SUBSTITUTE(TRIM(C18),"'","''")&"'")&", p_telefono => "&IF(TRIM(L18&"")="","NULL","'"&SUBSTITUTE(TRIM(L18),"'","''")&"'")&", p_email => "&IF(TRIM(M18&"")="","NULL","'"&SUBSTITUTE(TRIM(M18),"'","''")&"'")&", p_observacion => "&IF(TRIM(O18&"")="","NULL","'"&SUBSTITUTE(TRIM(O18),"'","''")&"'")&", p_direccion => "&IF(TRIM(J18&"")="","NULL","'"&SUBSTITUTE(TRIM(J18),"'","''")&"'")&", p_referencia => "&IF(TRIM(K18&"")="","NULL","'"&SUBSTITUTE(TRIM(K18),"'","''")&"'")&") AS resultado_cliente_"&ROW()&";")
A19: =IF(AND(D19="",E19="",C19=""),"",IF(AND(D19="",E19=""),"FALTA razón social o nombres",IF(AND(C19<>"",SUMPRODUCT(--($C$5:$C$549=C19))>1),"DOCUMENTO DUPLICADO",IF(AND(B19="DNI",C19<>"",LEN(C19&"")<>8),"DNI debe tener 8 dígitos",IF(AND(B19="RUC",C19<>"",LEN(C19&"")<>11),"RUC debe tener 11 dígitos",IF(AND(N19<>"",SUMPRODUCT(--($N$5:$N$549=N19))>1),"CÓDIGO INTERNO DUPLICADO","OK")))))) | B19: RUC | C19: 20480748710 | D19: B & V CONSTRUCCIONES METALICAS Y SERVICIOS GENERALES S.R.L. | H19: Persona Jurídica | I19: Cliente | P19: =IF(A19<>"OK","","SELECT cli_crear_clientes(p_codigo_interno => "&IF(TRIM(N19&"")="","NULL","'"&SUBSTITUTE(TRIM(N19),"'","''")&"'")&", p_razon_social => "&IF(TRIM(D19&"")="","NULL","'"&SUBSTITUTE(TRIM(D19),"'","''")&"'")&", p_id_tipo_cliente => "&IF(TRIM(I19&"")="","NULL","(SELECT lo.id FROM gen_lista_opciones lo JOIN gen_lista l ON l.id = lo.id_lista WHERE l.nombre = 'TipoCliente' AND upper(lo.nombre) = upper('"&SUBSTITUTE(TRIM(I19),"'","''")&"') AND lo.estado = 1 LIMIT 1)")&", p_id_tipo_persona => "&IF(TRIM(H19&"")="","NULL","(SELECT lo.id FROM gen_lista_opciones lo JOIN gen_lista l ON l.id = lo.id_lista WHERE l.nombre = 'TipoPersona' AND upper(lo.nombre) = upper('"&SUBSTITUTE(TRIM(H19),"'","''")&"') AND lo.estado = 1 LIMIT 1)")&", p_nombres => "&IF(TRIM(E19&"")="","NULL","'"&SUBSTITUTE(TRIM(E19),"'","''")&"'")&", p_apellido_paterno => "&IF(TRIM(F19&"")="","NULL","'"&SUBSTITUTE(TRIM(F19),"'","''")&"'")&", p_apellido_materno => "&IF(TRIM(G19&"")="","NULL","'"&SUBSTITUTE(TRIM(G19),"'","''")&"'")&", p_id_tipo_documento => "&IF(TRIM(B19&"")="","NULL","(SELECT lo.id FROM gen_lista_opciones lo JOIN gen_lista l ON l.id = lo.id_lista WHERE l.nombre = 'TipoDocumento' AND upper(lo.nombre) = upper('"&SUBSTITUTE(TRIM(B19),"'","''")&"') AND lo.estado = 1 LIMIT 1)")&", p_numero_documento => "&IF(TRIM(C19&"")="","NULL","'"&SUBSTITUTE(TRIM(C19),"'","''")&"'")&", p_telefono => "&IF(TRIM(L19&"")="","NULL","'"&SUBSTITUTE(TRIM(L19),"'","''")&"'")&", p_email => "&IF(TRIM(M19&"")="","NULL","'"&SUBSTITUTE(TRIM(M19),"'","''")&"'")&", p_observacion => "&IF(TRIM(O19&"")="","NULL","'"&SUBSTITUTE(TRIM(O19),"'","''")&"'")&", p_direccion => "&IF(TRIM(J19&"")="","NULL","'"&SUBSTITUTE(TRIM(J19),"'","''")&"'")&", p_referencia => "&IF(TRIM(K19&"")="","NULL","'"&SUBSTITUTE(TRIM(K19),"'","''")&"'")&") AS resultado_cliente_"&ROW()&";")
A20: =IF(AND(D20="",E20="",C20=""),"",IF(AND(D20="",E20=""),"FALTA razón social o nombres",IF(AND(C20<>"",SUMPRODUCT(--($C$5:$C$549=C20))>1),"DOCUMENTO DUPLICADO",IF(AND(B20="DNI",C20<>"",LEN(C20&"")<>8),"DNI debe tener 8 dígitos",IF(AND(B20="RUC",C20<>"",LEN(C20&"")<>11),"RUC debe tener 11 dígitos",IF(AND(N20<>"",SUMPRODUCT(--($N$5:$N$549=N20))>1),"CÓDIGO INTERNO DUPLICADO","OK")))))) | B20: RUC | C20: 10176242073 | D20: BANCES DE LA CRUZ JUAN MANUEL | H20: Persona Natural | I20: Cliente | P20: =IF(A20<>"OK","","SELECT cli_crear_clientes(p_codigo_interno => "&IF(TRIM(N20&"")="","NULL","'"&SUBSTITUTE(TRIM(N20),"'","''")&"'")&", p_razon_social => "&IF(TRIM(D20&"")="","NULL","'"&SUBSTITUTE(TRIM(D20),"'","''")&"'")&", p_id_tipo_cliente => "&IF(TRIM(I20&"")="","NULL","(SELECT lo.id FROM gen_lista_opciones lo JOIN gen_lista l ON l.id = lo.id_lista WHERE l.nombre = 'TipoCliente' AND upper(lo.nombre) = upper('"&SUBSTITUTE(TRIM(I20),"'","''")&"') AND lo.estado = 1 LIMIT 1)")&", p_id_tipo_persona => "&IF(TRIM(H20&"")="","NULL","(SELECT lo.id FROM gen_lista_opciones lo JOIN gen_lista l ON l.id = lo.id_lista WHERE l.nombre = 'TipoPersona' AND upper(lo.nombre) = upper('"&SUBSTITUTE(TRIM(H20),"'","''")&"') AND lo.estado = 1 LIMIT 1)")&", p_nombres => "&IF(TRIM(E20&"")="","NULL","'"&SUBSTITUTE(TRIM(E20),"'","''")&"'")&", p_apellido_paterno => "&IF(TRIM(F20&"")="","NULL","'"&SUBSTITUTE(TRIM(F20),"'","''")&"'")&", p_apellido_materno => "&IF(TRIM(G20&"")="","NULL","'"&SUBSTITUTE(TRIM(G20),"'","''")&"'")&", p_id_tipo_documento => "&IF(TRIM(B20&"")="","NULL","(SELECT lo.id FROM gen_lista_opciones lo JOIN gen_lista l ON l.id = lo.id_lista WHERE l.nombre = 'TipoDocumento' AND upper(lo.nombre) = upper('"&SUBSTITUTE(TRIM(B20),"'","''")&"') AND lo.estado = 1 LIMIT 1)")&", p_numero_documento => "&IF(TRIM(C20&"")="","NULL","'"&SUBSTITUTE(TRIM(C20),"'","''")&"'")&", p_telefono => "&IF(TRIM(L20&"")="","NULL","'"&SUBSTITUTE(TRIM(L20),"'","''")&"'")&", p_email => "&IF(TRIM(M20&"")="","NULL","'"&SUBSTITUTE(TRIM(M20),"'","''")&"'")&", p_observacion => "&IF(TRIM(O20&"")="","NULL","'"&SUBSTITUTE(TRIM(O20),"'","''")&"'")&", p_direccion => "&IF(TRIM(J20&"")="","NULL","'"&SUBSTITUTE(TRIM(J20),"'","''")&"'")&", p_referencia => "&IF(TRIM(K20&"")="","NULL","'"&SUBSTITUTE(TRIM(K20),"'","''")&"'")&") AS resultado_cliente_"&ROW()&";")
A21: =IF(AND(D21="",E21="",C21=""),"",IF(AND(D21="",E21=""),"FALTA razón social o nombres",IF(AND(C21<>"",SUMPRODUCT(--($C$5:$C$549=C21))>1),"DOCUMENTO DUPLICADO",IF(AND(B21="DNI",C21<>"",LEN(C21&"")<>8),"DNI debe tener 8 dígitos",IF(AND(B21="RUC",C21<>"",LEN(C21&"")<>11),"RUC debe tener 11 dígitos",IF(AND(N21<>"",SUMPRODUCT(--($N$5:$N$549=N21))>1),"CÓDIGO INTERNO DUPLICADO","OK")))))) | B21: RUC | C21: 20480725931 | D21: COMERCIAL FRIONORTE E.I.R.L. | H21: Persona Jurídica | I21: Cliente | P21: =IF(A21<>"OK","","SELECT cli_crear_clientes(p_codigo_interno => "&IF(TRIM(N21&"")="","NULL","'"&SUBSTITUTE(TRIM(N21),"'","''")&"'")&", p_razon_social => "&IF(TRIM(D21&"")="","NULL","'"&SUBSTITUTE(TRIM(D21),"'","''")&"'")&", p_id_tipo_cliente => "&IF(TRIM(I21&"")="","NULL","(SELECT lo.id FROM gen_lista_opciones lo JOIN gen_lista l ON l.id = lo.id_lista WHERE l.nombre = 'TipoCliente' AND upper(lo.nombre) = upper('"&SUBSTITUTE(TRIM(I21),"'","''")&"') AND lo.estado = 1 LIMIT 1)")&", p_id_tipo_persona => "&IF(TRIM(H21&"")="","NULL","(SELECT lo.id FROM gen_lista_opciones lo JOIN gen_lista l ON l.id = lo.id_lista WHERE l.nombre = 'TipoPersona' AND upper(lo.nombre) = upper('"&SUBSTITUTE(TRIM(H21),"'","''")&"') AND lo.estado = 1 LIMIT 1)")&", p_nombres => "&IF(TRIM(E21&"")="","NULL","'"&SUBSTITUTE(TRIM(E21),"'","''")&"'")&", p_apellido_paterno => "&IF(TRIM(F21&"")="","NULL","'"&SUBSTITUTE(TRIM(F21),"'","''")&"'")&", p_apellido_materno => "&IF(TRIM(G21&"")="","NULL","'"&SUBSTITUTE(TRIM(G21),"'","''")&"'")&", p_id_tipo_documento => "&IF(TRIM(B21&"")="","NULL","(SELECT lo.id FROM gen_lista_opciones lo JOIN gen_lista l ON l.id = lo.id_lista WHERE l.nombre = 'TipoDocumento' AND upper(lo.nombre) = upper('"&SUBSTITUTE(TRIM(B21),"'","''")&"') AND lo.estado = 1 LIMIT 1)")&", p_numero_documento => "&IF(TRIM(C21&"")="","NULL","'"&SUBSTITUTE(TRIM(C21),"'","''")&"'")&", p_telefono => "&IF(TRIM(L21&"")="","NULL","'"&SUBSTITUTE(TRIM(L21),"'","''")&"'")&", p_email => "&IF(TRIM(M21&"")="","NULL","'"&SUBSTITUTE(TRIM(M21),"'","''")&"'")&", p_observacion => "&IF(TRIM(O21&"")="","NULL","'"&SUBSTITUTE(TRIM(O21),"'","''")&"'")&", p_direccion => "&IF(TRIM(J21&"")="","NULL","'"&SUBSTITUTE(TRIM(J21),"'","''")&"'")&", p_referencia => "&IF(TRIM(K21&"")="","NULL","'"&SUBSTITUTE(TRIM(K21),"'","''")&"'")&") AS resultado_cliente_"&ROW()&";")
A22: =IF(AND(D22="",E22="",C22=""),"",IF(AND(D22="",E22=""),"FALTA razón social o nombres",IF(AND(C22<>"",SUMPRODUCT(--($C$5:$C$549=C22))>1),"DOCUMENTO DUPLICADO",IF(AND(B22="DNI",C22<>"",LEN(C22&"")<>8),"DNI debe tener 8 dígitos",IF(AND(B22="RUC",C22<>"",LEN(C22&"")<>11),"RUC debe tener 11 dígitos",IF(AND(N22<>"",SUMPRODUCT(--($N$5:$N$549=N22))>1),"CÓDIGO INTERNO DUPLICADO","OK")))))) | B22: RUC | C22: 20602694853 | D22: CONSTRUCTORA BRIAMONTE E.I.R.L. | H22: Persona Jurídica | I22: Cliente | P22: =IF(A22<>"OK","","SELECT cli_crear_clientes(p_codigo_interno => "&IF(TRIM(N22&"")="","NULL","'"&SUBSTITUTE(TRIM(N22),"'","''")&"'")&", p_razon_social => "&IF(TRIM(D22&"")="","NULL","'"&SUBSTITUTE(TRIM(D22),"'","''")&"'")&", p_id_tipo_cliente => "&IF(TRIM(I22&"")="","NULL","(SELECT lo.id FROM gen_lista_opciones lo JOIN gen_lista l ON l.id = lo.id_lista WHERE l.nombre = 'TipoCliente' AND upper(lo.nombre) = upper('"&SUBSTITUTE(TRIM(I22),"'","''")&"') AND lo.estado = 1 LIMIT 1)")&", p_id_tipo_persona => "&IF(TRIM(H22&"")="","NULL","(SELECT lo.id FROM gen_lista_opciones lo JOIN gen_lista l ON l.id = lo.id_lista WHERE l.nombre = 'TipoPersona' AND upper(lo.nombre) = upper('"&SUBSTITUTE(TRIM(H22),"'","''")&"') AND lo.estado = 1 LIMIT 1)")&", p_nombres => "&IF(TRIM(E22&"")="","NULL","'"&SUBSTITUTE(TRIM(E22),"'","''")&"'")&", p_apellido_paterno => "&IF(TRIM(F22&"")="","NULL","'"&SUBSTITUTE(TRIM(F22),"'","''")&"'")&", p_apellido_materno => "&IF(TRIM(G22&"")="","NULL","'"&SUBSTITUTE(TRIM(G22),"'","''")&"'")&", p_id_tipo_documento => "&IF(TRIM(B22&"")="","NULL","(SELECT lo.id FROM gen_lista_opciones lo JOIN gen_lista l ON l.id = lo.id_lista WHERE l.nombre = 'TipoDocumento' AND upper(lo.nombre) = upper('"&SUBSTITUTE(TRIM(B22),"'","''")&"') AND lo.estado = 1 LIMIT 1)")&", p_numero_documento => "&IF(TRIM(C22&"")="","NULL","'"&SUBSTITUTE(TRIM(C22),"'","''")&"'")&", p_telefono => "&IF(TRIM(L22&"")="","NULL","'"&SUBSTITUTE(TRIM(L22),"'","''")&"'")&", p_email => "&IF(TRIM(M22&"")="","NULL","'"&SUBSTITUTE(TRIM(M22),"'","''")&"'")&", p_observacion => "&IF(TRIM(O22&"")="","NULL","'"&SUBSTITUTE(TRIM(O22),"'","''")&"'")&", p_direccion => "&IF(TRIM(J22&"")="","NULL","'"&SUBSTITUTE(TRIM(J22),"'","''")&"'")&", p_referencia => "&IF(TRIM(K22&"")="","NULL","'"&SUBSTITUTE(TRIM(K22),"'","''")&"'")&") AS resultado_cliente_"&ROW()&";")
A23: =IF(AND(D23="",E23="",C23=""),"",IF(AND(D23="",E23=""),"FALTA razón social o nombres",IF(AND(C23<>"",SUMPRODUCT(--($C$5:$C$549=C23))>1),"DOCUMENTO DUPLICADO",IF(AND(B23="DNI",C23<>"",LEN(C23&"")<>8),"DNI debe tener 8 dígitos",IF(AND(B23="RUC",C23<>"",LEN(C23&"")<>11),"RUC debe tener 11 dígitos",IF(AND(N23<>"",SUMPRODUCT(--($N$5:$N$549=N23))>1),"CÓDIGO INTERNO DUPLICADO","OK")))))) | B23: DNI | C23: 41079206 | D23: CORREA QUINTOS JACINTO | H23: Persona Natural | I23: Cliente | P23: =IF(A23<>"OK","","SELECT cli_crear_clientes(p_codigo_interno => "&IF(TRIM(N23&"")="","NULL","'"&SUBSTITUTE(TRIM(N23),"'","''")&"'")&", p_razon_social => "&IF(TRIM(D23&"")="","NULL","'"&SUBSTITUTE(TRIM(D23),"'","''")&"'")&", p_id_tipo_cliente => "&IF(TRIM(I23&"")="","NULL","(SELECT lo.id FROM gen_lista_opciones lo JOIN gen_lista l ON l.id = lo.id_lista WHERE l.nombre = 'TipoCliente' AND upper(lo.nombre) = upper('"&SUBSTITUTE(TRIM(I23),"'","''")&"') AND lo.estado = 1 LIMIT 1)")&", p_id_tipo_persona => "&IF(TRIM(H23&"")="","NULL","(SELECT lo.id FROM gen_lista_opciones lo JOIN gen_lista l ON l.id = lo.id_lista WHERE l.nombre = 'TipoPersona' AND upper(lo.nombre) = upper('"&SUBSTITUTE(TRIM(H23),"'","''")&"') AND lo.estado = 1 LIMIT 1)")&", p_nombres => "&IF(TRIM(E23&"")="","NULL","'"&SUBSTITUTE(TRIM(E23),"'","''")&"'")&", p_apellido_paterno => "&IF(TRIM(F23&"")="","NULL","'"&SUBSTITUTE(TRIM(F23),"'","''")&"'")&", p_apellido_materno => "&IF(TRIM(G23&"")="","NULL","'"&SUBSTITUTE(TRIM(G23),"'","''")&"'")&", p_id_tipo_documento => "&IF(TRIM(B23&"")="","NULL","(SELECT lo.id FROM gen_lista_opciones lo JOIN gen_lista l ON l.id = lo.id_lista WHERE l.nombre = 'TipoDocumento' AND upper(lo.nombre) = upper('"&SUBSTITUTE(TRIM(B23),"'","''")&"') AND lo.estado = 1 LIMIT 1)")&", p_numero_documento => "&IF(TRIM(C23&"")="","NULL","'"&SUBSTITUTE(TRIM(C23),"'","''")&"'")&", p_telefono => "&IF(TRIM(L23&"")="","NULL","'"&SUBSTITUTE(TRIM(L23),"'","''")&"'")&", p_email => "&IF(TRIM(M23&"")="","NULL","'"&SUBSTITUTE(TRIM(M23),"'","''")&"'")&", p_observacion => "&IF(TRIM(O23&"")="","NULL","'"&SUBSTITUTE(TRIM(O23),"'","''")&"'")&", p_direccion => "&IF(TRIM(J23&"")="","NULL","'"&SUBSTITUTE(TRIM(J23),"'","''")&"'")&", p_referencia => "&IF(TRIM(K23&"")="","NULL","'"&SUBSTITUTE(TRIM(K23),"'","''")&"'")&") AS resultado_cliente_"&ROW()&";")
A24: =IF(AND(D24="",E24="",C24=""),"",IF(AND(D24="",E24=""),"FALTA razón social o nombres",IF(AND(C24<>"",SUMPRODUCT(--($C$5:$C$549=C24))>1),"DOCUMENTO DUPLICADO",IF(AND(B24="DNI",C24<>"",LEN(C24&"")<>8),"DNI debe tener 8 dígitos",IF(AND(B24="RUC",C24<>"",LEN(C24&"")<>11),"RUC debe tener 11 dígitos",IF(AND(N24<>"",SUMPRODUCT(--($N$5:$N$549=N24))>1),"CÓDIGO INTERNO DUPLICADO","OK")))))) | B24: RUC | C24: 20555041137 | D24: EL CANTARO DE JUANITA S.A.C. | H24: Persona Jurídica | I24: Cliente | P24: =IF(A24<>"OK","","SELECT cli_crear_clientes(p_codigo_interno => "&IF(TRIM(N24&"")="","NULL","'"&SUBSTITUTE(TRIM(N24),"'","''")&"'")&", p_razon_social => "&IF(TRIM(D24&"")="","NULL","'"&SUBSTITUTE(TRIM(D24),"'","''")&"'")&", p_id_tipo_cliente => "&IF(TRIM(I24&"")="","NULL","(SELECT lo.id FROM gen_lista_opciones lo JOIN gen_lista l ON l.id = lo.id_lista WHERE l.nombre = 'TipoCliente' AND upper(lo.nombre) = upper('"&SUBSTITUTE(TRIM(I24),"'","''")&"') AND lo.estado = 1 LIMIT 1)")&", p_id_tipo_persona => "&IF(TRIM(H24&"")="","NULL","(SELECT lo.id FROM gen_lista_opciones lo JOIN gen_lista l ON l.id = lo.id_lista WHERE l.nombre = 'TipoPersona' AND upper(lo.nombre) = upper('"&SUBSTITUTE(TRIM(H24),"'","''")&"') AND lo.estado = 1 LIMIT 1)")&", p_nombres => "&IF(TRIM(E24&"")="","NULL","'"&SUBSTITUTE(TRIM(E24),"'","''")&"'")&", p_apellido_paterno => "&IF(TRIM(F24&"")="","NULL","'"&SUBSTITUTE(TRIM(F24),"'","''")&"'")&", p_apellido_materno => "&IF(TRIM(G24&"")="","NULL","'"&SUBSTITUTE(TRIM(G24),"'","''")&"'")&", p_id_tipo_documento => "&IF(TRIM(B24&"")="","NULL","(SELECT lo.id FROM gen_lista_opciones lo JOIN gen_lista l ON l.id = lo.id_lista WHERE l.nombre = 'TipoDocumento' AND upper(lo.nombre) = upper('"&SUBSTITUTE(TRIM(B24),"'","''")&"') AND lo.estado = 1 LIMIT 1)")&", p_numero_documento => "&IF(TRIM(C24&"")="","NULL","'"&SUBSTITUTE(TRIM(C24),"'","''")&"'")&", p_telefono => "&IF(TRIM(L24&"")="","NULL","'"&SUBSTITUTE(TRIM(L24),"'","''")&"'")&", p_email => "&IF(TRIM(M24&"")="","NULL","'"&SUBSTITUTE(TRIM(M24),"'","''")&"'")&", p_observacion => "&IF(TRIM(O24&"")="","NULL","'"&SUBSTITUTE(TRIM(O24),"'","''")&"'")&", p_direccion => "&IF(TRIM(J24&"")="","NULL","'"&SUBSTITUTE(TRIM(J24),"'","''")&"'")&", p_referencia => "&IF(TRIM(K24&"")="","NULL","'"&SUBSTITUTE(TRIM(K24),"'","''")&"'")&") AS resultado_cliente_"&ROW()&";")
A25: =IF(AND(D25="",E25="",C25=""),"",IF(AND(D25="",E25=""),"FALTA razón social o nombres",IF(AND(C25<>"",SUMPRODUCT(--($C$5:$C$549=C25))>1),"DOCUMENTO DUPLICADO",IF(AND(B25="DNI",C25<>"",LEN(C25&"")<>8),"DNI debe tener 8 dígitos",IF(AND(B25="RUC",C25<>"",LEN(C25&"")<>11),"RUC debe tener 11 dígitos",IF(AND(N25<>"",SUMPRODUCT(--($N$5:$N$549=N25))>1),"CÓDIGO INTERNO DUPLICADO","OK")))))) | B25: RUC | C25: 20103626448 | D25: EMPRESA DE TRANSPORTES CHICLAYO S.A. | H25: Persona Jurídica | I25: Cliente | P25: =IF(A25<>"OK","","SELECT cli_crear_clientes(p_codigo_interno => "&IF(TRIM(N25&"")="","NULL","'"&SUBSTITUTE(TRIM(N25),"'","''")&"'")&", p_razon_social => "&IF(TRIM(D25&"")="","NULL","'"&SUBSTITUTE(TRIM(D25),"'","''")&"'")&", p_id_tipo_cliente => "&IF(TRIM(I25&"")="","NULL","(SELECT lo.id FROM gen_lista_opciones lo JOIN gen_lista l ON l.id = lo.id_lista WHERE l.nombre = 'TipoCliente' AND upper(lo.nombre) = upper('"&SUBSTITUTE(TRIM(I25),"'","''")&"') AND lo.estado = 1 LIMIT 1)")&", p_id_tipo_persona => "&IF(TRIM(H25&"")="","NULL","(SELECT lo.id FROM gen_lista_opciones lo JOIN gen_lista l ON l.id = lo.id_lista WHERE l.nombre = 'TipoPersona' AND upper(lo.nombre) = upper('"&SUBSTITUTE(TRIM(H25),"'","''")&"') AND lo.estado = 1 LIMIT 1)")&", p_nombres => "&IF(TRIM(E25&"")="","NULL","'"&SUBSTITUTE(TRIM(E25),"'","''")&"'")&", p_apellido_paterno => "&IF(TRIM(F25&"")="","NULL","'"&SUBSTITUTE(TRIM(F25),"'","''")&"'")&", p_apellido_materno => "&IF(TRIM(G25&"")="","NULL","'"&SUBSTITUTE(TRIM(G25),"'","''")&"'")&", p_id_tipo_documento => "&IF(TRIM(B25&"")="","NULL","(SELECT lo.id FROM gen_lista_opciones lo JOIN gen_lista l ON l.id = lo.id_lista WHERE l.nombre = 'TipoDocumento' AND upper(lo.nombre) = upper('"&SUBSTITUTE(TRIM(B25),"'","''")&"') AND lo.estado = 1 LIMIT 1)")&", p_numero_documento => "&IF(TRIM(C25&"")="","NULL","'"&SUBSTITUTE(TRIM(C25),"'","''")&"'")&", p_telefono => "&IF(TRIM(L25&"")="","NULL","'"&SUBSTITUTE(TRIM(L25),"'","''")&"'")&", p_email => "&IF(TRIM(M25&"")="","NULL","'"&SUBSTITUTE(TRIM(M25),"'","''")&"'")&", p_observacion => "&IF(TRIM(O25&"")="","NULL","'"&SUBSTITUTE(TRIM(O25),"'","''")&"'")&", p_direccion => "&IF(TRIM(J25&"")="","NULL","'"&SUBSTITUTE(TRIM(J25),"'","''")&"'")&", p_referencia => "&IF(TRIM(K25&"")="","NULL","'"&SUBSTITUTE(TRIM(K25),"'","''")&"'")&") AS resultado_cliente_"&ROW()&";")
A26: =IF(AND(D26="",E26="",C26=""),"",IF(AND(D26="",E26=""),"FALTA razón social o nombres",IF(AND(C26<>"",SUMPRODUCT(--($C$5:$C$549=C26))>1),"DOCUMENTO DUPLICADO",IF(AND(B26="DNI",C26<>"",LEN(C26&"")<>8),"DNI debe tener 8 dígitos",IF(AND(B26="RUC",C26<>"",LEN(C26&"")<>11),"RUC debe tener 11 dígitos",IF(AND(N26<>"",SUMPRODUCT(--($N$5:$N$549=N26))>1),"CÓDIGO INTERNO DUPLICADO","OK")))))) | B26: RUC | C26: 20103448591 | D26: EMPRESA PRESTADORA DE SERVICIOS DE SANEAMIENTO DE AGUA POTABLE Y ALCANTARILLADO DE LAMBAYEQUE S.A. | H26: Persona Jurídica | I26: Cliente | J26: AV. SAENZ PEÑA NRO. 1860 URB. LATINA L | P26: =IF(A26<>"OK","","SELECT cli_crear_clientes(p_codigo_interno => "&IF(TRIM(N26&"")="","NULL","'"&SUBSTITUTE(TRIM(N26),"'","''")&"'")&", p_razon_social => "&IF(TRIM(D26&"")="","NULL","'"&SUBSTITUTE(TRIM(D26),"'","''")&"'")&", p_id_tipo_cliente => "&IF(TRIM(I26&"")="","NULL","(SELECT lo.id FROM gen_lista_opciones lo JOIN gen_lista l ON l.id = lo.id_lista WHERE l.nombre = 'TipoCliente' AND upper(lo.nombre) = upper('"&SUBSTITUTE(TRIM(I26),"'","''")&"') AND lo.estado = 1 LIMIT 1)")&", p_id_tipo_persona => "&IF(TRIM(H26&"")="","NULL","(SELECT lo.id FROM gen_lista_opciones lo JOIN gen_lista l ON l.id = lo.id_lista WHERE l.nombre = 'TipoPersona' AND upper(lo.nombre) = upper('"&SUBSTITUTE(TRIM(H26),"'","''")&"') AND lo.estado = 1 LIMIT 1)")&", p_nombres => "&IF(TRIM(E26&"")="","NULL","'"&SUBSTITUTE(TRIM(E26),"'","''")&"'")&", p_apellido_paterno => "&IF(TRIM(F26&"")="","NULL","'"&SUBSTITUTE(TRIM(F26),"'","''")&"'")&", p_apellido_materno => "&IF(TRIM(G26&"")="","NULL","'"&SUBSTITUTE(TRIM(G26),"'","''")&"'")&", p_id_tipo_documento => "&IF(TRIM(B26&"")="","NULL","(SELECT lo.id FROM gen_lista_opciones lo JOIN gen_lista l ON l.id = lo.id_lista WHERE l.nombre = 'TipoDocumento' AND upper(lo.nombre) = upper('"&SUBSTITUTE(TRIM(B26),"'","''")&"') AND lo.estado = 1 LIMIT 1)")&", p_numero_documento => "&IF(TRIM(C26&"")="","NULL","'"&SUBSTITUTE(TRIM(C26),"'","''")&"'")&", p_telefono => "&IF(TRIM(L26&"")="","NULL","'"&SUBSTITUTE(TRIM(L26),"'","''")&"'")&", p_email => "&IF(TRIM(M26&"")="","NULL","'"&SUBSTITUTE(TRIM(M26),"'","''")&"'")&", p_observacion => "&IF(TRIM(O26&"")="","NULL","'"&SUBSTITUTE(TRIM(O26),"'","''")&"'")&", p_direccion => "&IF(TRIM(J26&"")="","NULL","'"&SUBSTITUTE(TRIM(J26),"'","''")&"'")&", p_referencia => "&IF(TRIM(K26&"")="","NULL","'"&SUBSTITUTE(TRIM(K26),"'","''")&"'")&") AS resultado_cliente_"&ROW()&";")
A27: =IF(AND(D27="",E27="",C27=""),"",IF(AND(D27="",E27=""),"FALTA razón social o nombres",IF(AND(C27<>"",SUMPRODUCT(--($C$5:$C$549=C27))>1),"DOCUMENTO DUPLICADO",IF(AND(B27="DNI",C27<>"",LEN(C27&"")<>8),"DNI debe tener 8 dígitos",IF(AND(B27="RUC",C27<>"",LEN(C27&"")<>11),"RUC debe tener 11 dígitos",IF(AND(N27<>"",SUMPRODUCT(--($N$5:$N$549=N27))>1),"CÓDIGO INTERNO DUPLICADO","OK")))))) | B27: RUC | C27: 20608737848 | D27: ENERGIAS RS E.I.R.L. | H27: Persona Jurídica | I27: Cliente | P27: =IF(A27<>"OK","","SELECT cli_crear_clientes(p_codigo_interno => "&IF(TRIM(N27&"")="","NULL","'"&SUBSTITUTE(TRIM(N27),"'","''")&"'")&", p_razon_social => "&IF(TRIM(D27&"")="","NULL","'"&SUBSTITUTE(TRIM(D27),"'","''")&"'")&", p_id_tipo_cliente => "&IF(TRIM(I27&"")="","NULL","(SELECT lo.id FROM gen_lista_opciones lo JOIN gen_lista l ON l.id = lo.id_lista WHERE l.nombre = 'TipoCliente' AND upper(lo.nombre) = upper('"&SUBSTITUTE(TRIM(I27),"'","''")&"') AND lo.estado = 1 LIMIT 1)")&", p_id_tipo_persona => "&IF(TRIM(H27&"")="","NULL","(SELECT lo.id FROM gen_lista_opciones lo JOIN gen_lista l ON l.id = lo.id_lista WHERE l.nombre = 'TipoPersona' AND upper(lo.nombre) = upper('"&SUBSTITUTE(TRIM(H27),"'","''")&"') AND lo.estado = 1 LIMIT 1)")&", p_nombres => "&IF(TRIM(E27&"")="","NULL","'"&SUBSTITUTE(TRIM(E27),"'","''")&"'")&", p_apellido_paterno => "&IF(TRIM(F27&"")="","NULL","'"&SUBSTITUTE(TRIM(F27),"'","''")&"'")&", p_apellido_materno => "&IF(TRIM(G27&"")="","NULL","'"&SUBSTITUTE(TRIM(G27),"'","''")&"'")&", p_id_tipo_documento => "&IF(TRIM(B27&"")="","NULL","(SELECT lo.id FROM gen_lista_opciones lo JOIN gen_lista l ON l.id = lo.id_lista WHERE l.nombre = 'TipoDocumento' AND upper(lo.nombre) = upper('"&SUBSTITUTE(TRIM(B27),"'","''")&"') AND lo.estado = 1 LIMIT 1)")&", p_numero_documento => "&IF(TRIM(C27&"")="","NULL","'"&SUBSTITUTE(TRIM(C27),"'","''")&"'")&", p_telefono => "&IF(TRIM(L27&"")="","NULL","'"&SUBSTITUTE(TRIM(L27),"'","''")&"'")&", p_email => "&IF(TRIM(M27&"")="","NULL","'"&SUBSTITUTE(TRIM(M27),"'","''")&"'")&", p_observacion => "&IF(TRIM(O27&"")="","NULL","'"&SUBSTITUTE(TRIM(O27),"'","''")&"'")&", p_direccion => "&IF(TRIM(J27&"")="","NULL","'"&SUBSTITUTE(TRIM(J27),"'","''")&"'")&", p_referencia => "&IF(TRIM(K27&"")="","NULL","'"&SUBSTITUTE(TRIM(K27),"'","''")&"'")&") AS resultado_cliente_"&ROW()&";")
A28: =IF(AND(D28="",E28="",C28=""),"",IF(AND(D28="",E28=""),"FALTA razón social o nombres",IF(AND(C28<>"",SUMPRODUCT(--($C$5:$C$549=C28))>1),"DOCUMENTO DUPLICADO",IF(AND(B28="DNI",C28<>"",LEN(C28&"")<>8),"DNI debe tener 8 dígitos",IF(AND(B28="RUC",C28<>"",LEN(C28&"")<>11),"RUC debe tener 11 dígitos",IF(AND(N28<>"",SUMPRODUCT(--($N$5:$N$549=N28))>1),"CÓDIGO INTERNO DUPLICADO","OK")))))) | B28: RUC | C28: 20614101939 | D28: ESCOBAR PROYECTOS GENERALES S.R.L. | H28: Persona Jurídica | I28: Cliente | P28: =IF(A28<>"OK","","SELECT cli_crear_clientes(p_codigo_interno => "&IF(TRIM(N28&"")="","NULL","'"&SUBSTITUTE(TRIM(N28),"'","''")&"'")&", p_razon_social => "&IF(TRIM(D28&"")="","NULL","'"&SUBSTITUTE(TRIM(D28),"'","''")&"'")&", p_id_tipo_cliente => "&IF(TRIM(I28&"")="","NULL","(SELECT lo.id FROM gen_lista_opciones lo JOIN gen_lista l ON l.id = lo.id_lista WHERE l.nombre = 'TipoCliente' AND upper(lo.nombre) = upper('"&SUBSTITUTE(TRIM(I28),"'","''")&"') AND lo.estado = 1 LIMIT 1)")&", p_id_tipo_persona => "&IF(TRIM(H28&"")="","NULL","(SELECT lo.id FROM gen_lista_opciones lo JOIN gen_lista l ON l.id = lo.id_lista WHERE l.nombre = 'TipoPersona' AND upper(lo.nombre) = upper('"&SUBSTITUTE(TRIM(H28),"'","''")&"') AND lo.estado = 1 LIMIT 1)")&", p_nombres => "&IF(TRIM(E28&"")="","NULL","'"&SUBSTITUTE(TRIM(E28),"'","''")&"'")&", p_apellido_paterno => "&IF(TRIM(F28&"")="","NULL","'"&SUBSTITUTE(TRIM(F28),"'","''")&"'")&", p_apellido_materno => "&IF(TRIM(G28&"")="","NULL","'"&SUBSTITUTE(TRIM(G28),"'","''")&"'")&", p_id_tipo_documento => "&IF(TRIM(B28&"")="","NULL","(SELECT lo.id FROM gen_lista_opciones lo JOIN gen_lista l ON l.id = lo.id_lista WHERE l.nombre = 'TipoDocumento' AND upper(lo.nombre) = upper('"&SUBSTITUTE(TRIM(B28),"'","''")&"') AND lo.estado = 1 LIMIT 1)")&", p_numero_documento => "&IF(TRIM(C28&"")="","NULL","'"&SUBSTITUTE(TRIM(C28),"'","''")&"'")&", p_telefono => "&IF(TRIM(L28&"")="","NULL","'"&SUBSTITUTE(TRIM(L28),"'","''")&"'")&", p_email => "&IF(TRIM(M28&"")="","NULL","'"&SUBSTITUTE(TRIM(M28),"'","''")&"'")&", p_observacion => "&IF(TRIM(O28&"")="","NULL","'"&SUBSTITUTE(TRIM(O28),"'","''")&"'")&", p_direccion => "&IF(TRIM(J28&"")="","NULL","'"&SUBSTITUTE(TRIM(J28),"'","''")&"'")&", p_referencia => "&IF(TRIM(K28&"")="","NULL","'"&SUBSTITUTE(TRIM(K28),"'","''")&"'")&") AS resultado_cliente_"&ROW()&";")
A29: =IF(AND(D29="",E29="",C29=""),"",IF(AND(D29="",E29=""),"FALTA razón social o nombres",IF(AND(C29<>"",SUMPRODUCT(--($C$5:$C$549=C29))>1),"DOCUMENTO DUPLICADO",IF(AND(B29="DNI",C29<>"",LEN(C29&"")<>8),"DNI debe tener 8 dígitos",IF(AND(B29="RUC",C29<>"",LEN(C29&"")<>11),"RUC debe tener 11 dígitos",IF(AND(N29<>"",SUMPRODUCT(--($N$5:$N$549=N29))>1),"CÓDIGO INTERNO DUPLICADO","OK")))))) | B29: RUC | C29: 20608793080 | D29: ESSANT S.R.L. | H29: Persona Jurídica | I29: Cliente | P29: =IF(A29<>"OK","","SELECT cli_crear_clientes(p_codigo_interno => "&IF(TRIM(N29&"")="","NULL","'"&SUBSTITUTE(TRIM(N29),"'","''")&"'")&", p_razon_social => "&IF(TRIM(D29&"")="","NULL","'"&SUBSTITUTE(TRIM(D29),"'","''")&"'")&", p_id_tipo_cliente => "&IF(TRIM(I29&"")="","NULL","(SELECT lo.id FROM gen_lista_opciones lo JOIN gen_lista l ON l.id = lo.id_lista WHERE l.nombre = 'TipoCliente' AND upper(lo.nombre) = upper('"&SUBSTITUTE(TRIM(I29),"'","''")&"') AND lo.estado = 1 LIMIT 1)")&", p_id_tipo_persona => "&IF(TRIM(H29&"")="","NULL","(SELECT lo.id FROM gen_lista_opciones lo JOIN gen_lista l ON l.id = lo.id_lista WHERE l.nombre = 'TipoPersona' AND upper(lo.nombre) = upper('"&SUBSTITUTE(TRIM(H29),"'","''")&"') AND lo.estado = 1 LIMIT 1)")&", p_nombres => "&IF(TRIM(E29&"")="","NULL","'"&SUBSTITUTE(TRIM(E29),"'","''")&"'")&", p_apellido_paterno => "&IF(TRIM(F29&"")="","NULL","'"&SUBSTITUTE(TRIM(F29),"'","''")&"'")&", p_apellido_materno => "&IF(TRIM(G29&"")="","NULL","'"&SUBSTITUTE(TRIM(G29),"'","''")&"'")&", p_id_tipo_documento => "&IF(TRIM(B29&"")="","NULL","(SELECT lo.id FROM gen_lista_opciones lo JOIN gen_lista l ON l.id = lo.id_lista WHERE l.nombre = 'TipoDocumento' AND upper(lo.nombre) = upper('"&SUBSTITUTE(TRIM(B29),"'","''")&"') AND lo.estado = 1 LIMIT 1)")&", p_numero_documento => "&IF(TRIM(C29&"")="","NULL","'"&SUBSTITUTE(TRIM(C29),"'","''")&"'")&", p_telefono => "&IF(TRIM(L29&"")="","NULL","'"&SUBSTITUTE(TRIM(L29),"'","''")&"'")&", p_email => "&IF(TRIM(M29&"")="","NULL","'"&SUBSTITUTE(TRIM(M29),"'","''")&"'")&", p_observacion => "&IF(TRIM(O29&"")="","NULL","'"&SUBSTITUTE(TRIM(O29),"'","''")&"'")&", p_direccion => "&IF(TRIM(J29&"")="","NULL","'"&SUBSTITUTE(TRIM(J29),"'","''")&"'")&", p_referencia => "&IF(TRIM(K29&"")="","NULL","'"&SUBSTITUTE(TRIM(K29),"'","''")&"'")&") AS resultado_cliente_"&ROW()&";")
A30: =IF(AND(D30="",E30="",C30=""),"",IF(AND(D30="",E30=""),"FALTA razón social o nombres",IF(AND(C30<>"",SUMPRODUCT(--($C$5:$C$549=C30))>1),"DOCUMENTO DUPLICADO",IF(AND(B30="DNI",C30<>"",LEN(C30&"")<>8),"DNI debe tener 8 dígitos",IF(AND(B30="RUC",C30<>"",LEN(C30&"")<>11),"RUC debe tener 11 dígitos",IF(AND(N30<>"",SUMPRODUCT(--($N$5:$N$549=N30))>1),"CÓDIGO INTERNO DUPLICADO","OK")))))) | B30: RUC | C30: 20480192932 | D30: FABRICACIONES Y SERVICIOS GUZMAN S.A.C. | H30: Persona Jurídica | I30: Cliente | P30: =IF(A30<>"OK","","SELECT cli_crear_clientes(p_codigo_interno => "&IF(TRIM(N30&"")="","NULL","'"&SUBSTITUTE(TRIM(N30),"'","''")&"'")&", p_razon_social => "&IF(TRIM(D30&"")="","NULL","'"&SUBSTITUTE(TRIM(D30),"'","''")&"'")&", p_id_tipo_cliente => "&IF(TRIM(I30&"")="","NULL","(SELECT lo.id FROM gen_lista_opciones lo JOIN gen_lista l ON l.id = lo.id_lista WHERE l.nombre = 'TipoCliente' AND upper(lo.nombre) = upper('"&SUBSTITUTE(TRIM(I30),"'","''")&"') AND lo.estado = 1 LIMIT 1)")&", p_id_tipo_persona => "&IF(TRIM(H30&"")="","NULL","(SELECT lo.id FROM gen_lista_opciones lo JOIN gen_lista l ON l.id = lo.id_lista WHERE l.nombre = 'TipoPersona' AND upper(lo.nombre) = upper('"&SUBSTITUTE(TRIM(H30),"'","''")&"') AND lo.estado = 1 LIMIT 1)")&", p_nombres => "&IF(TRIM(E30&"")="","NULL","'"&SUBSTITUTE(TRIM(E30),"'","''")&"'")&", p_apellido_paterno => "&IF(TRIM(F30&"")="","NULL","'"&SUBSTITUTE(TRIM(F30),"'","''")&"'")&", p_apellido_materno => "&IF(TRIM(G30&"")="","NULL","'"&SUBSTITUTE(TRIM(G30),"'","''")&"'")&", p_id_tipo_documento => "&IF(TRIM(B30&"")="","NULL","(SELECT lo.id FROM gen_lista_opciones lo JOIN gen_lista l ON l.id = lo.id_lista WHERE l.nombre = 'TipoDocumento' AND upper(lo.nombre) = upper('"&SUBSTITUTE(TRIM(B30),"'","''")&"') AND lo.estado = 1 LIMIT 1)")&", p_numero_documento => "&IF(TRIM(C30&"")="","NULL","'"&SUBSTITUTE(TRIM(C30),"'","''")&"'")&", p_telefono => "&IF(TRIM(L30&"")="","NULL","'"&SUBSTITUTE(TRIM(L30),"'","''")&"'")&", p_email => "&IF(TRIM(M30&"")="","NULL","'"&SUBSTITUTE(TRIM(M30),"'","''")&"'")&", p_observacion => "&IF(TRIM(O30&"")="","NULL","'"&SUBSTITUTE(TRIM(O30),"'","''")&"'")&", p_direccion => "&IF(TRIM(J30&"")="","NULL","'"&SUBSTITUTE(TRIM(J30),"'","''")&"'")&", p_referencia => "&IF(TRIM(K30&"")="","NULL","'"&SUBSTITUTE(TRIM(K30),"'","''")&"'")&") AS resultado_cliente_"&ROW()&";")
A31: =IF(AND(D31="",E31="",C31=""),"",IF(AND(D31="",E31=""),"FALTA razón social o nombres",IF(AND(C31<>"",SUMPRODUCT(--($C$5:$C$549=C31))>1),"DOCUMENTO DUPLICADO",IF(AND(B31="DNI",C31<>"",LEN(C31&"")<>8),"DNI debe tener 8 dígitos",IF(AND(B31="RUC",C31<>"",LEN(C31&"")<>11),"RUC debe tener 11 dígitos",IF(AND(N31<>"",SUMPRODUCT(--($N$5:$N$549=N31))>1),"CÓDIGO INTERNO DUPLICADO","OK")))))) | B31: RUC | C31: 20561169404 | D31: FRIO CENTER YOVERA S.A.C. | H31: Persona Jurídica | I31: Cliente | P31: =IF(A31<>"OK","","SELECT cli_crear_clientes(p_codigo_interno => "&IF(TRIM(N31&"")="","NULL","'"&SUBSTITUTE(TRIM(N31),"'","''")&"'")&", p_razon_social => "&IF(TRIM(D31&"")="","NULL","'"&SUBSTITUTE(TRIM(D31),"'","''")&"'")&", p_id_tipo_cliente => "&IF(TRIM(I31&"")="","NULL","(SELECT lo.id FROM gen_lista_opciones lo JOIN gen_lista l ON l.id = lo.id_lista WHERE l.nombre = 'TipoCliente' AND upper(lo.nombre) = upper('"&SUBSTITUTE(TRIM(I31),"'","''")&"') AND lo.estado = 1 LIMIT 1)")&", p_id_tipo_persona => "&IF(TRIM(H31&"")="","NULL","(SELECT lo.id FROM gen_lista_opciones lo JOIN gen_lista l ON l.id = lo.id_lista WHERE l.nombre = 'TipoPersona' AND upper(lo.nombre) = upper('"&SUBSTITUTE(TRIM(H31),"'","''")&"') AND lo.estado = 1 LIMIT 1)")&", p_nombres => "&IF(TRIM(E31&"")="","NULL","'"&SUBSTITUTE(TRIM(E31),"'","''")&"'")&", p_apellido_paterno => "&IF(TRIM(F31&"")="","NULL","'"&SUBSTITUTE(TRIM(F31),"'","''")&"'")&", p_apellido_materno => "&IF(TRIM(G31&"")="","NULL","'"&SUBSTITUTE(TRIM(G31),"'","''")&"'")&", p_id_tipo_documento => "&IF(TRIM(B31&"")="","NULL","(SELECT lo.id FROM gen_lista_opciones lo JOIN gen_lista l ON l.id = lo.id_lista WHERE l.nombre = 'TipoDocumento' AND upper(lo.nombre) = upper('"&SUBSTITUTE(TRIM(B31),"'","''")&"') AND lo.estado = 1 LIMIT 1)")&", p_numero_documento => "&IF(TRIM(C31&"")="","NULL","'"&SUBSTITUTE(TRIM(C31),"'","''")&"'")&", p_telefono => "&IF(TRIM(L31&"")="","NULL","'"&SUBSTITUTE(TRIM(L31),"'","''")&"'")&", p_email => "&IF(TRIM(M31&"")="","NULL","'"&SUBSTITUTE(TRIM(M31),"'","''")&"'")&", p_observacion => "&IF(TRIM(O31&"")="","NULL","'"&SUBSTITUTE(TRIM(O31),"'","''")&"'")&", p_direccion => "&IF(TRIM(J31&"")="","NULL","'"&SUBSTITUTE(TRIM(J31),"'","''")&"'")&", p_referencia => "&IF(TRIM(K31&"")="","NULL","'"&SUBSTITUTE(TRIM(K31),"'","''")&"'")&") AS resultado_cliente_"&ROW()&";")
A32: =IF(AND(D32="",E32="",C32=""),"",IF(AND(D32="",E32=""),"FALTA razón social o nombres",IF(AND(C32<>"",SUMPRODUCT(--($C$5:$C$549=C32))>1),"DOCUMENTO DUPLICADO",IF(AND(B32="DNI",C32<>"",LEN(C32&"")<>8),"DNI debe tener 8 dígitos",IF(AND(B32="RUC",C32<>"",LEN(C32&"")<>11),"RUC debe tener 11 dígitos",IF(AND(N32<>"",SUMPRODUCT(--($N$5:$N$549=N32))>1),"CÓDIGO INTERNO DUPLICADO","OK")))))) | B32: RUC | C32: 20144364059 | D32: FUERZA AEREA DEL PERU | H32: Persona Jurídica | I32: Cliente | J32: AV. LA PERUANIDAD NRO. SN CAMPO DE MARTE (NOTIF. A DIRECCION GENERAL DE ECONOMIA) | P32: =IF(A32<>"OK","","SELECT cli_crear_clientes(p_codigo_interno => "&IF(TRIM(N32&"")="","NULL","'"&SUBSTITUTE(TRIM(N32),"'","''")&"'")&", p_razon_social => "&IF(TRIM(D32&"")="","NULL","'"&SUBSTITUTE(TRIM(D32),"'","''")&"'")&", p_id_tipo_cliente => "&IF(TRIM(I32&"")="","NULL","(SELECT lo.id FROM gen_lista_opciones lo JOIN gen_lista l ON l.id = lo.id_lista WHERE l.nombre = 'TipoCliente' AND upper(lo.nombre) = upper('"&SUBSTITUTE(TRIM(I32),"'","''")&"') AND lo.estado = 1 LIMIT 1)")&", p_id_tipo_persona => "&IF(TRIM(H32&"")="","NULL","(SELECT lo.id FROM gen_lista_opciones lo JOIN gen_lista l ON l.id = lo.id_lista WHERE l.nombre = 'TipoPersona' AND upper(lo.nombre) = upper('"&SUBSTITUTE(TRIM(H32),"'","''")&"') AND lo.estado = 1 LIMIT 1)")&", p_nombres => "&IF(TRIM(E32&"")="","NULL","'"&SUBSTITUTE(TRIM(E32),"'","''")&"'")&", p_apellido_paterno => "&IF(TRIM(F32&"")="","NULL","'"&SUBSTITUTE(TRIM(F32),"'","''")&"'")&", p_apellido_materno => "&IF(TRIM(G32&"")="","NULL","'"&SUBSTITUTE(TRIM(G32),"'","''")&"'")&", p_id_tipo_documento => "&IF(TRIM(B32&"")="","NULL","(SELECT lo.id FROM gen_lista_opciones lo JOIN gen_lista l ON l.id = lo.id_lista WHERE l.nombre = 'TipoDocumento' AND upper(lo.nombre) = upper('"&SUBSTITUTE(TRIM(B32),"'","''")&"') AND lo.estado = 1 LIMIT 1)")&", p_numero_documento => "&IF(TRIM(C32&"")="","NULL","'"&SUBSTITUTE(TRIM(C32),"'","''")&"'")&", p_telefono => "&IF(TRIM(L32&"")="","NULL","'"&SUBSTITUTE(TRIM(L32),"'","''")&"'")&", p_email => "&IF(TRIM(M32&"")="","NULL","'"&SUBSTITUTE(TRIM(M32),"'","''")&"'")&", p_observacion => "&IF(TRIM(O32&"")="","NULL","'"&SUBSTITUTE(TRIM(O32),"'","''")&"'")&", p_direccion => "&IF(TRIM(J32&"")="","NULL","'"&SUBSTITUTE(TRIM(J32),"'","''")&"'")&", p_referencia => "&IF(TRIM(K32&"")="","NULL","'"&SUBSTITUTE(TRIM(K32),"'","''")&"'")&") AS resultado_cliente_"&ROW()&";")
A33: =IF(AND(D33="",E33="",C33=""),"",IF(AND(D33="",E33=""),"FALTA razón social o nombres",IF(AND(C33<>"",SUMPRODUCT(--($C$5:$C$549=C33))>1),"DOCUMENTO DUPLICADO",IF(AND(B33="DNI",C33<>"",LEN(C33&"")<>8),"DNI debe tener 8 dígitos",IF(AND(B33="RUC",C33<>"",LEN(C33&"")<>11),"RUC debe tener 11 dígitos",IF(AND(N33<>"",SUMPRODUCT(--($N$5:$N$549=N33))>1),"CÓDIGO INTERNO DUPLICADO","OK")))))) | B33: RUC | C33: 20451534107 | D33: GAMACMIN MINERO METALURGICA SOCIEDAD ANONIMA CERRADA - GAMACMIN S.A.C. | H33: Persona Jurídica | I33: Cliente | P33: =IF(A33<>"OK","","SELECT cli_crear_clientes(p_codigo_interno => "&IF(TRIM(N33&"")="","NULL","'"&SUBSTITUTE(TRIM(N33),"'","''")&"'")&", p_razon_social => "&IF(TRIM(D33&"")="","NULL","'"&SUBSTITUTE(TRIM(D33),"'","''")&"'")&", p_id_tipo_cliente => "&IF(TRIM(I33&"")="","NULL","(SELECT lo.id FROM gen_lista_opciones lo JOIN gen_lista l ON l.id = lo.id_lista WHERE l.nombre = 'TipoCliente' AND upper(lo.nombre) = upper('"&SUBSTITUTE(TRIM(I33),"'","''")&"') AND lo.estado = 1 LIMIT 1)")&", p_id_tipo_persona => "&IF(TRIM(H33&"")="","NULL","(SELECT lo.id FROM gen_lista_opciones lo JOIN gen_lista l ON l.id = lo.id_lista WHERE l.nombre = 'TipoPersona' AND upper(lo.nombre) = upper('"&SUBSTITUTE(TRIM(H33),"'","''")&"') AND lo.estado = 1 LIMIT 1)")&", p_nombres => "&IF(TRIM(E33&"")="","NULL","'"&SUBSTITUTE(TRIM(E33),"'","''")&"'")&", p_apellido_paterno => "&IF(TRIM(F33&"")="","NULL","'"&SUBSTITUTE(TRIM(F33),"'","''")&"'")&", p_apellido_materno => "&IF(TRIM(G33&"")="","NULL","'"&SUBSTITUTE(TRIM(G33),"'","''")&"'")&", p_id_tipo_documento => "&IF(TRIM(B33&"")="","NULL","(SELECT lo.id FROM gen_lista_opciones lo JOIN gen_lista l ON l.id = lo.id_lista WHERE l.nombre = 'TipoDocumento' AND upper(lo.nombre) = upper('"&SUBSTITUTE(TRIM(B33),"'","''")&"') AND lo.estado = 1 LIMIT 1)")&", p_numero_documento => "&IF(TRIM(C33&"")="","NULL","'"&SUBSTITUTE(TRIM(C33),"'","''")&"'")&", p_telefono => "&IF(TRIM(L33&"")="","NULL","'"&SUBSTITUTE(TRIM(L33),"'","''")&"'")&", p_email => "&IF(TRIM(M33&"")="","NULL","'"&SUBSTITUTE(TRIM(M33),"'","''")&"'")&", p_observacion => "&IF(TRIM(O33&"")="","NULL","'"&SUBSTITUTE(TRIM(O33),"'","''")&"'")&", p_direccion => "&IF(TRIM(J33&"")="","NULL","'"&SUBSTITUTE(TRIM(J33),"'","''")&"'")&", p_referencia => "&IF(TRIM(K33&"")="","NULL","'"&SUBSTITUTE(TRIM(K33),"'","''")&"'")&") AS resultado_cliente_"&ROW()&";")
A34: =IF(AND(D34="",E34="",C34=""),"",IF(AND(D34="",E34=""),"FALTA razón social o nombres",IF(AND(C34<>"",SUMPRODUCT(--($C$5:$C$549=C34))>1),"DOCUMENTO DUPLICADO",IF(AND(B34="DNI",C34<>"",LEN(C34&"")<>8),"DNI debe tener 8 dígitos",IF(AND(B34="RUC",C34<>"",LEN(C34&"")<>11),"RUC debe tener 11 dígitos",IF(AND(N34<>"",SUMPRODUCT(--($N$5:$N$549=N34))>1),"CÓDIGO INTERNO DUPLICADO","OK")))))) | B34: RUC | C34: 20601914469 | D34: GLOBAL PROJECT SP S.A.C | H34: Persona Jurídica | I34: Cliente | P34: =IF(A34<>"OK","","SELECT cli_crear_clientes(p_codigo_interno => "&IF(TRIM(N34&"")="","NULL","'"&SUBSTITUTE(TRIM(N34),"'","''")&"'")&", p_razon_social => "&IF(TRIM(D34&"")="","NULL","'"&SUBSTITUTE(TRIM(D34),"'","''")&"'")&", p_id_tipo_cliente => "&IF(TRIM(I34&"")="","NULL","(SELECT lo.id FROM gen_lista_opciones lo JOIN gen_lista l ON l.id = lo.id_lista WHERE l.nombre = 'TipoCliente' AND upper(lo.nombre) = upper('"&SUBSTITUTE(TRIM(I34),"'","''")&"') AND lo.estado = 1 LIMIT 1)")&", p_id_tipo_persona => "&IF(TRIM(H34&"")="","NULL","(SELECT lo.id FROM gen_lista_opciones lo JOIN gen_lista l ON l.id = lo.id_lista WHERE l.nombre = 'TipoPersona' AND upper(lo.nombre) = upper('"&SUBSTITUTE(TRIM(H34),"'","''")&"') AND lo.estado = 1 LIMIT 1)")&", p_nombres => "&IF(TRIM(E34&"")="","NULL","'"&SUBSTITUTE(TRIM(E34),"'","''")&"'")&", p_apellido_paterno => "&IF(TRIM(F34&"")="","NULL","'"&SUBSTITUTE(TRIM(F34),"'","''")&"'")&", p_apellido_materno => "&IF(TRIM(G34&"")="","NULL","'"&SUBSTITUTE(TRIM(G34),"'","''")&"'")&", p_id_tipo_documento => "&IF(TRIM(B34&"")="","NULL","(SELECT lo.id FROM gen_lista_opciones lo JOIN gen_lista l ON l.id = lo.id_lista WHERE l.nombre = 'TipoDocumento' AND upper(lo.nombre) = upper('"&SUBSTITUTE(TRIM(B34),"'","''")&"') AND lo.estado = 1 LIMIT 1)")&", p_numero_documento => "&IF(TRIM(C34&"")="","NULL","'"&SUBSTITUTE(TRIM(C34),"'","''")&"'")&", p_telefono => "&IF(TRIM(L34&"")="","NULL","'"&SUBSTITUTE(TRIM(L34),"'","''")&"'")&", p_email => "&IF(TRIM(M34&"")="","NULL","'"&SUBSTITUTE(TRIM(M34),"'","''")&"'")&", p_observacion => "&IF(TRIM(O34&"")="","NULL","'"&SUBSTITUTE(TRIM(O34),"'","''")&"'")&", p_direccion => "&IF(TRIM(J34&"")="","NULL","'"&SUBSTITUTE(TRIM(J34),"'","''")&"'")&", p_referencia => "&IF(TRIM(K34&"")="","NULL","'"&SUBSTITUTE(TRIM(K34),"'","''")&"'")&") AS resultado_cliente_"&ROW()&";")
A35: =IF(AND(D35="",E35="",C35=""),"",IF(AND(D35="",E35=""),"FALTA razón social o nombres",IF(AND(C35<>"",SUMPRODUCT(--($C$5:$C$549=C35))>1),"DOCUMENTO DUPLICADO",IF(AND(B35="DNI",C35<>"",LEN(C35&"")<>8),"DNI debe tener 8 dígitos",IF(AND(B35="RUC",C35<>"",LEN(C35&"")<>11),"RUC debe tener 11 dígitos",IF(AND(N35<>"",SUMPRODUCT(--($N$5:$N$549=N35))>1),"CÓDIGO INTERNO DUPLICADO","OK")))))) | B35: RUC | C35: 20608134001 | D35: GRUPO SALUD & ASOCIADOS S.A.C | H35: Persona Jurídica | I35: Cliente | P35: =IF(A35<>"OK","","SELECT cli_crear_clientes(p_codigo_interno => "&IF(TRIM(N35&"")="","NULL","'"&SUBSTITUTE(TRIM(N35),"'","''")&"'")&", p_razon_social => "&IF(TRIM(D35&"")="","NULL","'"&SUBSTITUTE(TRIM(D35),"'","''")&"'")&", p_id_tipo_cliente => "&IF(TRIM(I35&"")="","NULL","(SELECT lo.id FROM gen_lista_opciones lo JOIN gen_lista l ON l.id = lo.id_lista WHERE l.nombre = 'TipoCliente' AND upper(lo.nombre) = upper('"&SUBSTITUTE(TRIM(I35),"'","''")&"') AND lo.estado = 1 LIMIT 1)")&", p_id_tipo_persona => "&IF(TRIM(H35&"")="","NULL","(SELECT lo.id FROM gen_lista_opciones lo JOIN gen_lista l ON l.id = lo.id_lista WHERE l.nombre = 'TipoPersona' AND upper(lo.nombre) = upper('"&SUBSTITUTE(TRIM(H35),"'","''")&"') AND lo.estado = 1 LIMIT 1)")&", p_nombres => "&IF(TRIM(E35&"")="","NULL","'"&SUBSTITUTE(TRIM(E35),"'","''")&"'")&", p_apellido_paterno => "&IF(TRIM(F35&"")="","NULL","'"&SUBSTITUTE(TRIM(F35),"'","''")&"'")&", p_apellido_materno => "&IF(TRIM(G35&"")="","NULL","'"&SUBSTITUTE(TRIM(G35),"'","''")&"'")&", p_id_tipo_documento => "&IF(TRIM(B35&"")="","NULL","(SELECT lo.id FROM gen_lista_opciones lo JOIN gen_lista l ON l.id = lo.id_lista WHERE l.nombre = 'TipoDocumento' AND upper(lo.nombre) = upper('"&SUBSTITUTE(TRIM(B35),"'","''")&"') AND lo.estado = 1 LIMIT 1)")&", p_numero_documento => "&IF(TRIM(C35&"")="","NULL","'"&SUBSTITUTE(TRIM(C35),"'","''")&"'")&", p_telefono => "&IF(TRIM(L35&"")="","NULL","'"&SUBSTITUTE(TRIM(L35),"'","''")&"'")&", p_email => "&IF(TRIM(M35&"")="","NULL","'"&SUBSTITUTE(TRIM(M35),"'","''")&"'")&", p_observacion => "&IF(TRIM(O35&"")="","NULL","'"&SUBSTITUTE(TRIM(O35),"'","''")&"'")&", p_direccion => "&IF(TRIM(J35&"")="","NULL","'"&SUBSTITUTE(TRIM(J35),"'","''")&"'")&", p_referencia => "&IF(TRIM(K35&"")="","NULL","'"&SUBSTITUTE(TRIM(K35),"'","''")&"'")&") AS resultado_cliente_"&ROW()&";")
A36: =IF(AND(D36="",E36="",C36=""),"",IF(AND(D36="",E36=""),"FALTA razón social o nombres",IF(AND(C36<>"",SUMPRODUCT(--($C$5:$C$549=C36))>1),"DOCUMENTO DUPLICADO",IF(AND(B36="DNI",C36<>"",LEN(C36&"")<>8),"DNI debe tener 8 dígitos",IF(AND(B36="RUC",C36<>"",LEN(C36&"")<>11),"RUC debe tener 11 dígitos",IF(AND(N36<>"",SUMPRODUCT(--($N$5:$N$549=N36))>1),"CÓDIGO INTERNO DUPLICADO","OK")))))) | B36: RUC | C36: 10439328482 | D36: GUZMAN NIÑO SERGIO BRUNO | H36: Persona Jurídica | I36: Cliente | P36: =IF(A36<>"OK","","SELECT cli_crear_clientes(p_codigo_interno => "&IF(TRIM(N36&"")="","NULL","'"&SUBSTITUTE(TRIM(N36),"'","''")&"'")&", p_razon_social => "&IF(TRIM(D36&"")="","NULL","'"&SUBSTITUTE(TRIM(D36),"'","''")&"'")&", p_id_tipo_cliente => "&IF(TRIM(I36&"")="","NULL","(SELECT lo.id FROM gen_lista_opciones lo JOIN gen_lista l ON l.id = lo.id_lista WHERE l.nombre = 'TipoCliente' AND upper(lo.nombre) = upper('"&SUBSTITUTE(TRIM(I36),"'","''")&"') AND lo.estado = 1 LIMIT 1)")&", p_id_tipo_persona => "&IF(TRIM(H36&"")="","NULL","(SELECT lo.id FROM gen_lista_opciones lo JOIN gen_lista l ON l.id = lo.id_lista WHERE l.nombre = 'TipoPersona' AND upper(lo.nombre) = upper('"&SUBSTITUTE(TRIM(H36),"'","''")&"') AND lo.estado = 1 LIMIT 1)")&", p_nombres => "&IF(TRIM(E36&"")="","NULL","'"&SUBSTITUTE(TRIM(E36),"'","''")&"'")&", p_apellido_paterno => "&IF(TRIM(F36&"")="","NULL","'"&SUBSTITUTE(TRIM(F36),"'","''")&"'")&", p_apellido_materno => "&IF(TRIM(G36&"")="","NULL","'"&SUBSTITUTE(TRIM(G36),"'","''")&"'")&", p_id_tipo_documento => "&IF(TRIM(B36&"")="","NULL","(SELECT lo.id FROM gen_lista_opciones lo JOIN gen_lista l ON l.id = lo.id_lista WHERE l.nombre = 'TipoDocumento' AND upper(lo.nombre) = upper('"&SUBSTITUTE(TRIM(B36),"'","''")&"') AND lo.estado = 1 LIMIT 1)")&", p_numero_documento => "&IF(TRIM(C36&"")="","NULL","'"&SUBSTITUTE(TRIM(C36),"'","''")&"'")&", p_telefono => "&IF(TRIM(L36&"")="","NULL","'"&SUBSTITUTE(TRIM(L36),"'","''")&"'")&", p_email => "&IF(TRIM(M36&"")="","NULL","'"&SUBSTITUTE(TRIM(M36),"'","''")&"'")&", p_observacion => "&IF(TRIM(O36&"")="","NULL","'"&SUBSTITUTE(TRIM(O36),"'","''")&"'")&", p_direccion => "&IF(TRIM(J36&"")="","NULL","'"&SUBSTITUTE(TRIM(J36),"'","''")&"'")&", p_referencia => "&IF(TRIM(K36&"")="","NULL","'"&SUBSTITUTE(TRIM(K36),"'","''")&"'")&") AS resultado_cliente_"&ROW()&";")
A37: =IF(AND(D37="",E37="",C37=""),"",IF(AND(D37="",E37=""),"FALTA razón social o nombres",IF(AND(C37<>"",SUMPRODUCT(--($C$5:$C$549=C37))>1),"DOCUMENTO DUPLICADO",IF(AND(B37="DNI",C37<>"",LEN(C37&"")<>8),"DNI debe tener 8 dígitos",IF(AND(B37="RUC",C37<>"",LEN(C37&"")<>11),"RUC debe tener 11 dígitos",IF(AND(N37<>"",SUMPRODUCT(--($N$5:$N$549=N37))>1),"CÓDIGO INTERNO DUPLICADO","OK")))))) | B37: RUC | C37: 20607948675 | D37: INDUSTRIAS CRIOGENICAS DEL PERU S.A.C. | H37: Persona Jurídica | I37: Proveedor | P37: =IF(A37<>"OK","","SELECT cli_crear_clientes(p_codigo_interno => "&IF(TRIM(N37&"")="","NULL","'"&SUBSTITUTE(TRIM(N37),"'","''")&"'")&", p_razon_social => "&IF(TRIM(D37&"")="","NULL","'"&SUBSTITUTE(TRIM(D37),"'","''")&"'")&", p_id_tipo_cliente => "&IF(TRIM(I37&"")="","NULL","(SELECT lo.id FROM gen_lista_opciones lo JOIN gen_lista l ON l.id = lo.id_lista WHERE l.nombre = 'TipoCliente' AND upper(lo.nombre) = upper('"&SUBSTITUTE(TRIM(I37),"'","''")&"') AND lo.estado = 1 LIMIT 1)")&", p_id_tipo_persona => "&IF(TRIM(H37&"")="","NULL","(SELECT lo.id FROM gen_lista_opciones lo JOIN gen_lista l ON l.id = lo.id_lista WHERE l.nombre = 'TipoPersona' AND upper(lo.nombre) = upper('"&SUBSTITUTE(TRIM(H37),"'","''")&"') AND lo.estado = 1 LIMIT 1)")&", p_nombres => "&IF(TRIM(E37&"")="","NULL","'"&SUBSTITUTE(TRIM(E37),"'","''")&"'")&", p_apellido_paterno => "&IF(TRIM(F37&"")="","NULL","'"&SUBSTITUTE(TRIM(F37),"'","''")&"'")&", p_apellido_materno => "&IF(TRIM(G37&"")="","NULL","'"&SUBSTITUTE(TRIM(G37),"'","''")&"'")&", p_id_tipo_documento => "&IF(TRIM(B37&"")="","NULL","(SELECT lo.id FROM gen_lista_opciones lo JOIN gen_lista l ON l.id = lo.id_lista WHERE l.nombre = 'TipoDocumento' AND upper(lo.nombre) = upper('"&SUBSTITUTE(TRIM(B37),"'","''")&"') AND lo.estado = 1 LIMIT 1)")&", p_numero_documento => "&IF(TRIM(C37&"")="","NULL","'"&SUBSTITUTE(TRIM(C37),"'","''")&"'")&", p_telefono => "&IF(TRIM(L37&"")="","NULL","'"&SUBSTITUTE(TRIM(L37),"'","''")&"'")&", p_email => "&IF(TRIM(M37&"")="","NULL","'"&SUBSTITUTE(TRIM(M37),"'","''")&"'")&", p_observacion => "&IF(TRIM(O37&"")="","NULL","'"&SUBSTITUTE(TRIM(O37),"'","''")&"'")&", p_direccion => "&IF(TRIM(J37&"")="","NULL","'"&SUBSTITUTE(TRIM(J37),"'","''")&"'")&", p_referencia => "&IF(TRIM(K37&"")="","NULL","'"&SUBSTITUTE(TRIM(K37),"'","''")&"'")&") AS resultado_cliente_"&ROW()&";")
A38: =IF(AND(D38="",E38="",C38=""),"",IF(AND(D38="",E38=""),"FALTA razón social o nombres",IF(AND(C38<>"",SUMPRODUCT(--($C$5:$C$549=C38))>1),"DOCUMENTO DUPLICADO",IF(AND(B38="DNI",C38<>"",LEN(C38&"")<>8),"DNI debe tener 8 dígitos",IF(AND(B38="RUC",C38<>"",LEN(C38&"")<>11),"RUC debe tener 11 dígitos",IF(AND(N38<>"",SUMPRODUCT(--($N$5:$N$549=N38))>1),"CÓDIGO INTERNO DUPLICADO","OK")))))) | B38: RUC | C38: 20612446106 | D38: INDUSTRIAS DEL ACERO GUZMAN SOCIEDAD ANONIMA CERRADA | H38: Persona Jurídica | I38: Cliente | P38: =IF(A38<>"OK","","SELECT cli_crear_clientes(p_codigo_interno => "&IF(TRIM(N38&"")="","NULL","'"&SUBSTITUTE(TRIM(N38),"'","''")&"'")&", p_razon_social => "&IF(TRIM(D38&"")="","NULL","'"&SUBSTITUTE(TRIM(D38),"'","''")&"'")&", p_id_tipo_cliente => "&IF(TRIM(I38&"")="","NULL","(SELECT lo.id FROM gen_lista_opciones lo JOIN gen_lista l ON l.id = lo.id_lista WHERE l.nombre = 'TipoCliente' AND upper(lo.nombre) = upper('"&SUBSTITUTE(TRIM(I38),"'","''")&"') AND lo.estado = 1 LIMIT 1)")&", p_id_tipo_persona => "&IF(TRIM(H38&"")="","NULL","(SELECT lo.id FROM gen_lista_opciones lo JOIN gen_lista l ON l.id = lo.id_lista WHERE l.nombre = 'TipoPersona' AND upper(lo.nombre) = upper('"&SUBSTITUTE(TRIM(H38),"'","''")&"') AND lo.estado = 1 LIMIT 1)")&", p_nombres => "&IF(TRIM(E38&"")="","NULL","'"&SUBSTITUTE(TRIM(E38),"'","''")&"'")&", p_apellido_paterno => "&IF(TRIM(F38&"")="","NULL","'"&SUBSTITUTE(TRIM(F38),"'","''")&"'")&", p_apellido_materno => "&IF(TRIM(G38&"")="","NULL","'"&SUBSTITUTE(TRIM(G38),"'","''")&"'")&", p_id_tipo_documento => "&IF(TRIM(B38&"")="","NULL","(SELECT lo.id FROM gen_lista_opciones lo JOIN gen_lista l ON l.id = lo.id_lista WHERE l.nombre = 'TipoDocumento' AND upper(lo.nombre) = upper('"&SUBSTITUTE(TRIM(B38),"'","''")&"') AND lo.estado = 1 LIMIT 1)")&", p_numero_documento => "&IF(TRIM(C38&"")="","NULL","'"&SUBSTITUTE(TRIM(C38),"'","''")&"'")&", p_telefono => "&IF(TRIM(L38&"")="","NULL","'"&SUBSTITUTE(TRIM(L38),"'","''")&"'")&", p_email => "&IF(TRIM(M38&"")="","NULL","'"&SUBSTITUTE(TRIM(M38),"'","''")&"'")&", p_observacion => "&IF(TRIM(O38&"")="","NULL","'"&SUBSTITUTE(TRIM(O38),"'","''")&"'")&", p_direccion => "&IF(TRIM(J38&"")="","NULL","'"&SUBSTITUTE(TRIM(J38),"'","''")&"'")&", p_referencia => "&IF(TRIM(K38&"")="","NULL","'"&SUBSTITUTE(TRIM(K38),"'","''")&"'")&") AS resultado_cliente_"&ROW()&";")
A39: =IF(AND(D39="",E39="",C39=""),"",IF(AND(D39="",E39=""),"FALTA razón social o nombres",IF(AND(C39<>"",SUMPRODUCT(--($C$5:$C$549=C39))>1),"DOCUMENTO DUPLICADO",IF(AND(B39="DNI",C39<>"",LEN(C39&"")<>8),"DNI debe tener 8 dígitos",IF(AND(B39="RUC",C39<>"",LEN(C39&"")<>11),"RUC debe tener 11 dígitos",IF(AND(N39<>"",SUMPRODUCT(--($N$5:$N$549=N39))>1),"CÓDIGO INTERNO DUPLICADO","OK")))))) | B39: RUC | C39: 20602257470 | D39: INNNOVATION MACHINERY INDUSTRIAL FENIX PERU S.A.C. | H39: Persona Jurídica | I39: Cliente | P39: =IF(A39<>"OK","","SELECT cli_crear_clientes(p_codigo_interno => "&IF(TRIM(N39&"")="","NULL","'"&SUBSTITUTE(TRIM(N39),"'","''")&"'")&", p_razon_social => "&IF(TRIM(D39&"")="","NULL","'"&SUBSTITUTE(TRIM(D39),"'","''")&"'")&", p_id_tipo_cliente => "&IF(TRIM(I39&"")="","NULL","(SELECT lo.id FROM gen_lista_opciones lo JOIN gen_lista l ON l.id = lo.id_lista WHERE l.nombre = 'TipoCliente' AND upper(lo.nombre) = upper('"&SUBSTITUTE(TRIM(I39),"'","''")&"') AND lo.estado = 1 LIMIT 1)")&", p_id_tipo_persona => "&IF(TRIM(H39&"")="","NULL","(SELECT lo.id FROM gen_lista_opciones lo JOIN gen_lista l ON l.id = lo.id_lista WHERE l.nombre = 'TipoPersona' AND upper(lo.nombre) = upper('"&SUBSTITUTE(TRIM(H39),"'","''")&"') AND lo.estado = 1 LIMIT 1)")&", p_nombres => "&IF(TRIM(E39&"")="","NULL","'"&SUBSTITUTE(TRIM(E39),"'","''")&"'")&", p_apellido_paterno => "&IF(TRIM(F39&"")="","NULL","'"&SUBSTITUTE(TRIM(F39),"'","''")&"'")&", p_apellido_materno => "&IF(TRIM(G39&"")="","NULL","'"&SUBSTITUTE(TRIM(G39),"'","''")&"'")&", p_id_tipo_documento => "&IF(TRIM(B39&"")="","NULL","(SELECT lo.id FROM gen_lista_opciones lo JOIN gen_lista l ON l.id = lo.id_lista WHERE l.nombre = 'TipoDocumento' AND upper(lo.nombre) = upper('"&SUBSTITUTE(TRIM(B39),"'","''")&"') AND lo.estado = 1 LIMIT 1)")&", p_numero_documento => "&IF(TRIM(C39&"")="","NULL","'"&SUBSTITUTE(TRIM(C39),"'","''")&"'")&", p_telefono => "&IF(TRIM(L39&"")="","NULL","'"&SUBSTITUTE(TRIM(L39),"'","''")&"'")&", p_email => "&IF(TRIM(M39&"")="","NULL","'"&SUBSTITUTE(TRIM(M39),"'","''")&"'")&", p_observacion => "&IF(TRIM(O39&"")="","NULL","'"&SUBSTITUTE(TRIM(O39),"'","''")&"'")&", p_direccion => "&IF(TRIM(J39&"")="","NULL","'"&SUBSTITUTE(TRIM(J39),"'","''")&"'")&", p_referencia => "&IF(TRIM(K39&"")="","NULL","'"&SUBSTITUTE(TRIM(K39),"'","''")&"'")&") AS resultado_cliente_"&ROW()&";")
A40: =IF(AND(D40="",E40="",C40=""),"",IF(AND(D40="",E40=""),"FALTA razón social o nombres",IF(AND(C40<>"",SUMPRODUCT(--($C$5:$C$549=C40))>1),"DOCUMENTO DUPLICADO",IF(AND(B40="DNI",C40<>"",LEN(C40&"")<>8),"DNI debe tener 8 dígitos",IF(AND(B40="RUC",C40<>"",LEN(C40&"")<>11),"RUC debe tener 11 dígitos",IF(AND(N40<>"",SUMPRODUCT(--($N$5:$N$549=N40))>1),"CÓDIGO INTERNO DUPLICADO","OK")))))) | B40: DNI | C40: 17430623 | E40: MARCO ANTONIO | F40: CHANAME | G40: CARBONEL | H40: Persona Natural | I40: Cliente | P40: =IF(A40<>"OK","","SELECT cli_crear_clientes(p_codigo_interno => "&IF(TRIM(N40&"")="","NULL","'"&SUBSTITUTE(TRIM(N40),"'","''")&"'")&", p_razon_social => "&IF(TRIM(D40&"")="","NULL","'"&SUBSTITUTE(TRIM(D40),"'","''")&"'")&", p_id_tipo_cliente => "&IF(TRIM(I40&"")="","NULL","(SELECT lo.id FROM gen_lista_opciones lo JOIN gen_lista l ON l.id = lo.id_lista WHERE l.nombre = 'TipoCliente' AND upper(lo.nombre) = upper('"&SUBSTITUTE(TRIM(I40),"'","''")&"') AND lo.estado = 1 LIMIT 1)")&", p_id_tipo_persona => "&IF(TRIM(H40&"")="","NULL","(SELECT lo.id FROM gen_lista_opciones lo JOIN gen_lista l ON l.id = lo.id_lista WHERE l.nombre = 'TipoPersona' AND upper(lo.nombre) = upper('"&SUBSTITUTE(TRIM(H40),"'","''")&"') AND lo.estado = 1 LIMIT 1)")&", p_nombres => "&IF(TRIM(E40&"")="","NULL","'"&SUBSTITUTE(TRIM(E40),"'","''")&"'")&", p_apellido_paterno => "&IF(TRIM(F40&"")="","NULL","'"&SUBSTITUTE(TRIM(F40),"'","''")&"'")&", p_apellido_materno => "&IF(TRIM(G40&"")="","NULL","'"&SUBSTITUTE(TRIM(G40),"'","''")&"'")&", p_id_tipo_documento => "&IF(TRIM(B40&"")="","NULL","(SELECT lo.id FROM gen_lista_opciones lo JOIN gen_lista l ON l.id = lo.id_lista WHERE l.nombre = 'TipoDocumento' AND upper(lo.nombre) = upper('"&SUBSTITUTE(TRIM(B40),"'","''")&"') AND lo.estado = 1 LIMIT 1)")&", p_numero_documento => "&IF(TRIM(C40&"")="","NULL","'"&SUBSTITUTE(TRIM(C40),"'","''")&"'")&", p_telefono => "&IF(TRIM(L40&"")="","NULL","'"&SUBSTITUTE(TRIM(L40),"'","''")&"'")&", p_email => "&IF(TRIM(M40&"")="","NULL","'"&SUBSTITUTE(TRIM(M40),"'","''")&"'")&", p_observacion => "&IF(TRIM(O40&"")="","NULL","'"&SUBSTITUTE(TRIM(O40),"'","''")&"'")&", p_direccion => "&IF(TRIM(J40&"")="","NULL","'"&SUBSTITUTE(TRIM(J40),"'","''")&"'")&", p_referencia => "&IF(TRIM(K40&"")="","NULL","'"&SUBSTITUTE(TRIM(K40),"'","''")&"'")&") AS resultado_cliente_"&ROW()&";")
A41: =IF(AND(D41="",E41="",C41=""),"",IF(AND(D41="",E41=""),"FALTA razón social o nombres",IF(AND(C41<>"",SUMPRODUCT(--($C$5:$C$549=C41))>1),"DOCUMENTO DUPLICADO",IF(AND(B41="DNI",C41<>"",LEN(C41&"")<>8),"DNI debe tener 8 dígitos",IF(AND(B41="RUC",C41<>"",LEN(C41&"")<>11),"RUC debe tener 11 dígitos",IF(AND(N41<>"",SUMPRODUCT(--($N$5:$N$549=N41))>1),"CÓDIGO INTERNO DUPLICADO","OK")))))) | B41: RUC | C41: 20514134155 | D41: LATERCER S.A.C. | H41: Persona Jurídica | I41: Cliente | P41: =IF(A41<>"OK","","SELECT cli_crear_clientes(p_codigo_interno => "&IF(TRIM(N41&"")="","NULL","'"&SUBSTITUTE(TRIM(N41),"'","''")&"'")&", p_razon_social => "&IF(TRIM(D41&"")="","NULL","'"&SUBSTITUTE(TRIM(D41),"'","''")&"'")&", p_id_tipo_cliente => "&IF(TRIM(I41&"")="","NULL","(SELECT lo.id FROM gen_lista_opciones lo JOIN gen_lista l ON l.id = lo.id_lista WHERE l.nombre = 'TipoCliente' AND upper(lo.nombre) = upper('"&SUBSTITUTE(TRIM(I41),"'","''")&"') AND lo.estado = 1 LIMIT 1)")&", p_id_tipo_persona => "&IF(TRIM(H41&"")="","NULL","(SELECT lo.id FROM gen_lista_opciones lo JOIN gen_lista l ON l.id = lo.id_lista WHERE l.nombre = 'TipoPersona' AND upper(lo.nombre) = upper('"&SUBSTITUTE(TRIM(H41),"'","''")&"') AND lo.estado = 1 LIMIT 1)")&", p_nombres => "&IF(TRIM(E41&"")="","NULL","'"&SUBSTITUTE(TRIM(E41),"'","''")&"'")&", p_apellido_paterno => "&IF(TRIM(F41&"")="","NULL","'"&SUBSTITUTE(TRIM(F41),"'","''")&"'")&", p_apellido_materno => "&IF(TRIM(G41&"")="","NULL","'"&SUBSTITUTE(TRIM(G41),"'","''")&"'")&", p_id_tipo_documento => "&IF(TRIM(B41&"")="","NULL","(SELECT lo.id FROM gen_lista_opciones lo JOIN gen_lista l ON l.id = lo.id_lista WHERE l.nombre = 'TipoDocumento' AND upper(lo.nombre) = upper('"&SUBSTITUTE(TRIM(B41),"'","''")&"') AND lo.estado = 1 LIMIT 1)")&", p_numero_documento => "&IF(TRIM(C41&"")="","NULL","'"&SUBSTITUTE(TRIM(C41),"'","''")&"'")&", p_telefono => "&IF(TRIM(L41&"")="","NULL","'"&SUBSTITUTE(TRIM(L41),"'","''")&"'")&", p_email => "&IF(TRIM(M41&"")="","NULL","'"&SUBSTITUTE(TRIM(M41),"'","''")&"'")&", p_observacion => "&IF(TRIM(O41&"")="","NULL","'"&SUBSTITUTE(TRIM(O41),"'","''")&"'")&", p_direccion => "&IF(TRIM(J41&"")="","NULL","'"&SUBSTITUTE(TRIM(J41),"'","''")&"'")&", p_referencia => "&IF(TRIM(K41&"")="","NULL","'"&SUBSTITUTE(TRIM(K41),"'","''")&"'")&") AS resultado_cliente_"&ROW()&";")
A42: =IF(AND(D42="",E42="",C42=""),"",IF(AND(D42="",E42=""),"FALTA razón social o nombres",IF(AND(C42<>"",SUMPRODUCT(--($C$5:$C$549=C42))>1),"DOCUMENTO DUPLICADO",IF(AND(B42="DNI",C42<>"",LEN(C42&"")<>8),"DNI debe tener 8 dígitos",IF(AND(B42="RUC",C42<>"",LEN(C42&"")<>11),"RUC debe tener 11 dígitos",IF(AND(N42<>"",SUMPRODUCT(--($N$5:$N$549=N42))>1),"CÓDIGO INTERNO DUPLICADO","OK")))))) | B42: RUC | C42: 20607980358 | D42: LIGA DE CIRUGIA CONTRA LA OBESIDAD E.I.R.L. | H42: Persona Jurídica | I42: Cliente | P42: =IF(A42<>"OK","","SELECT cli_crear_clientes(p_codigo_interno => "&IF(TRIM(N42&"")="","NULL","'"&SUBSTITUTE(TRIM(N42),"'","''")&"'")&", p_razon_social => "&IF(TRIM(D42&"")="","NULL","'"&SUBSTITUTE(TRIM(D42),"'","''")&"'")&", p_id_tipo_cliente => "&IF(TRIM(I42&"")="","NULL","(SELECT lo.id FROM gen_lista_opciones lo JOIN gen_lista l ON l.id = lo.id_lista WHERE l.nombre = 'TipoCliente' AND upper(lo.nombre) = upper('"&SUBSTITUTE(TRIM(I42),"'","''")&"') AND lo.estado = 1 LIMIT 1)")&", p_id_tipo_persona => "&IF(TRIM(H42&"")="","NULL","(SELECT lo.id FROM gen_lista_opciones lo JOIN gen_lista l ON l.id = lo.id_lista WHERE l.nombre = 'TipoPersona' AND upper(lo.nombre) = upper('"&SUBSTITUTE(TRIM(H42),"'","''")&"') AND lo.estado = 1 LIMIT 1)")&", p_nombres => "&IF(TRIM(E42&"")="","NULL","'"&SUBSTITUTE(TRIM(E42),"'","''")&"'")&", p_apellido_paterno => "&IF(TRIM(F42&"")="","NULL","'"&SUBSTITUTE(TRIM(F42),"'","''")&"'")&", p_apellido_materno => "&IF(TRIM(G42&"")="","NULL","'"&SUBSTITUTE(TRIM(G42),"'","''")&"'")&", p_id_tipo_documento => "&IF(TRIM(B42&"")="","NULL","(SELECT lo.id FROM gen_lista_opciones lo JOIN gen_lista l ON l.id = lo.id_lista WHERE l.nombre = 'TipoDocumento' AND upper(lo.nombre) = upper('"&SUBSTITUTE(TRIM(B42),"'","''")&"') AND lo.estado = 1 LIMIT 1)")&", p_numero_documento => "&IF(TRIM(C42&"")="","NULL","'"&SUBSTITUTE(TRIM(C42),"'","''")&"'")&", p_telefono => "&IF(TRIM(L42&"")="","NULL","'"&SUBSTITUTE(TRIM(L42),"'","''")&"'")&", p_email => "&IF(TRIM(M42&"")="","NULL","'"&SUBSTITUTE(TRIM(M42),"'","''")&"'")&", p_observacion => "&IF(TRIM(O42&"")="","NULL","'"&SUBSTITUTE(TRIM(O42),"'","''")&"'")&", p_direccion => "&IF(TRIM(J42&"")="","NULL","'"&SUBSTITUTE(TRIM(J42),"'","''")&"'")&", p_referencia => "&IF(TRIM(K42&"")="","NULL","'"&SUBSTITUTE(TRIM(K42),"'","''")&"'")&") AS resultado_cliente_"&ROW()&";")
A43: =IF(AND(D43="",E43="",C43=""),"",IF(AND(D43="",E43=""),"FALTA razón social o nombres",IF(AND(C43<>"",SUMPRODUCT(--($C$5:$C$549=C43))>1),"DOCUMENTO DUPLICADO",IF(AND(B43="DNI",C43<>"",LEN(C43&"")<>8),"DNI debe tener 8 dígitos",IF(AND(B43="RUC",C43<>"",LEN(C43&"")<>11),"RUC debe tener 11 dígitos",IF(AND(N43<>"",SUMPRODUCT(--($N$5:$N$549=N43))>1),"CÓDIGO INTERNO DUPLICADO","OK")))))) | B43: RUC | C43: 20338570041 | D43: LINDE PERU S.R.L. | H43: Persona Jurídica | I43: Proveedor | P43: =IF(A43<>"OK","","SELECT cli_crear_clientes(p_codigo_interno => "&IF(TRIM(N43&"")="","NULL","'"&SUBSTITUTE(TRIM(N43),"'","''")&"'")&", p_razon_social => "&IF(TRIM(D43&"")="","NULL","'"&SUBSTITUTE(TRIM(D43),"'","''")&"'")&", p_id_tipo_cliente => "&IF(TRIM(I43&"")="","NULL","(SELECT lo.id FROM gen_lista_opciones lo JOIN gen_lista l ON l.id = lo.id_lista WHERE l.nombre = 'TipoCliente' AND upper(lo.nombre) = upper('"&SUBSTITUTE(TRIM(I43),"'","''")&"') AND lo.estado = 1 LIMIT 1)")&", p_id_tipo_persona => "&IF(TRIM(H43&"")="","NULL","(SELECT lo.id FROM gen_lista_opciones lo JOIN gen_lista l ON l.id = lo.id_lista WHERE l.nombre = 'TipoPersona' AND upper(lo.nombre) = upper('"&SUBSTITUTE(TRIM(H43),"'","''")&"') AND lo.estado = 1 LIMIT 1)")&", p_nombres => "&IF(TRIM(E43&"")="","NULL","'"&SUBSTITUTE(TRIM(E43),"'","''")&"'")&", p_apellido_paterno => "&IF(TRIM(F43&"")="","NULL","'"&SUBSTITUTE(TRIM(F43),"'","''")&"'")&", p_apellido_materno => "&IF(TRIM(G43&"")="","NULL","'"&SUBSTITUTE(TRIM(G43),"'","''")&"'")&", p_id_tipo_documento => "&IF(TRIM(B43&"")="","NULL","(SELECT lo.id FROM gen_lista_opciones lo JOIN gen_lista l ON l.id = lo.id_lista WHERE l.nombre = 'TipoDocumento' AND upper(lo.nombre) = upper('"&SUBSTITUTE(TRIM(B43),"'","''")&"') AND lo.estado = 1 LIMIT 1)")&", p_numero_documento => "&IF(TRIM(C43&"")="","NULL","'"&SUBSTITUTE(TRIM(C43),"'","''")&"'")&", p_telefono => "&IF(TRIM(L43&"")="","NULL","'"&SUBSTITUTE(TRIM(L43),"'","''")&"'")&", p_email => "&IF(TRIM(M43&"")="","NULL","'"&SUBSTITUTE(TRIM(M43),"'","''")&"'")&", p_observacion => "&IF(TRIM(O43&"")="","NULL","'"&SUBSTITUTE(TRIM(O43),"'","''")&"'")&", p_direccion => "&IF(TRIM(J43&"")="","NULL","'"&SUBSTITUTE(TRIM(J43),"'","''")&"'")&", p_referencia => "&IF(TRIM(K43&"")="","NULL","'"&SUBSTITUTE(TRIM(K43),"'","''")&"'")&") AS resultado_cliente_"&ROW()&";")
A44: =IF(AND(D44="",E44="",C44=""),"",IF(AND(D44="",E44=""),"FALTA razón social o nombres",IF(AND(C44<>"",SUMPRODUCT(--($C$5:$C$549=C44))>1),"DOCUMENTO DUPLICADO",IF(AND(B44="DNI",C44<>"",LEN(C44&"")<>8),"DNI debe tener 8 dígitos",IF(AND(B44="RUC",C44<>"",LEN(C44&"")<>11),"RUC debe tener 11 dígitos",IF(AND(N44<>"",SUMPRODUCT(--($N$5:$N$549=N44))>1),"CÓDIGO INTERNO DUPLICADO","OK")))))) | B44: RUC | C44: 20609474671 | D44: MASTER FRIO SOLUCIONES E.I.R.L. | H44: Persona Jurídica | I44: Cliente | P44: =IF(A44<>"OK","","SELECT cli_crear_clientes(p_codigo_interno => "&IF(TRIM(N44&"")="","NULL","'"&SUBSTITUTE(TRIM(N44),"'","''")&"'")&", p_razon_social => "&IF(TRIM(D44&"")="","NULL","'"&SUBSTITUTE(TRIM(D44),"'","''")&"'")&", p_id_tipo_cliente => "&IF(TRIM(I44&"")="","NULL","(SELECT lo.id FROM gen_lista_opciones lo JOIN gen_lista l ON l.id = lo.id_lista WHERE l.nombre = 'TipoCliente' AND upper(lo.nombre) = upper('"&SUBSTITUTE(TRIM(I44),"'","''")&"') AND lo.estado = 1 LIMIT 1)")&", p_id_tipo_persona => "&IF(TRIM(H44&"")="","NULL","(SELECT lo.id FROM gen_lista_opciones lo JOIN gen_lista l ON l.id = lo.id_lista WHERE l.nombre = 'TipoPersona' AND upper(lo.nombre) = upper('"&SUBSTITUTE(TRIM(H44),"'","''")&"') AND lo.estado = 1 LIMIT 1)")&", p_nombres => "&IF(TRIM(E44&"")="","NULL","'"&SUBSTITUTE(TRIM(E44),"'","''")&"'")&", p_apellido_paterno => "&IF(TRIM(F44&"")="","NULL","'"&SUBSTITUTE(TRIM(F44),"'","''")&"'")&", p_apellido_materno => "&IF(TRIM(G44&"")="","NULL","'"&SUBSTITUTE(TRIM(G44),"'","''")&"'")&", p_id_tipo_documento => "&IF(TRIM(B44&"")="","NULL","(SELECT lo.id FROM gen_lista_opciones lo JOIN gen_lista l ON l.id = lo.id_lista WHERE l.nombre = 'TipoDocumento' AND upper(lo.nombre) = upper('"&SUBSTITUTE(TRIM(B44),"'","''")&"') AND lo.estado = 1 LIMIT 1)")&", p_numero_documento => "&IF(TRIM(C44&"")="","NULL","'"&SUBSTITUTE(TRIM(C44),"'","''")&"'")&", p_telefono => "&IF(TRIM(L44&"")="","NULL","'"&SUBSTITUTE(TRIM(L44),"'","''")&"'")&", p_email => "&IF(TRIM(M44&"")="","NULL","'"&SUBSTITUTE(TRIM(M44),"'","''")&"'")&", p_observacion => "&IF(TRIM(O44&"")="","NULL","'"&SUBSTITUTE(TRIM(O44),"'","''")&"'")&", p_direccion => "&IF(TRIM(J44&"")="","NULL","'"&SUBSTITUTE(TRIM(J44),"'","''")&"'")&", p_referencia => "&IF(TRIM(K44&"")="","NULL","'"&SUBSTITUTE(TRIM(K44),"'","''")&"'")&") AS resultado_cliente_"&ROW()&";")
A45: =IF(AND(D45="",E45="",C45=""),"",IF(AND(D45="",E45=""),"FALTA razón social o nombres",IF(AND(C45<>"",SUMPRODUCT(--($C$5:$C$549=C45))>1),"DOCUMENTO DUPLICADO",IF(AND(B45="DNI",C45<>"",LEN(C45&"")<>8),"DNI debe tener 8 dígitos",IF(AND(B45="RUC",C45<>"",LEN(C45&"")<>11),"RUC debe tener 11 dígitos",IF(AND(N45<>"",SUMPRODUCT(--($N$5:$N$549=N45))>1),"CÓDIGO INTERNO DUPLICADO","OK")))))) | B45: RUC | C45: 10803677714 | D45: MORENO CASUSOL JOSE WILLIAM | H45: Persona Jurídica | I45: Cliente | P45: =IF(A45<>"OK","","SELECT cli_crear_clientes(p_codigo_interno => "&IF(TRIM(N45&"")="","NULL","'"&SUBSTITUTE(TRIM(N45),"'","''")&"'")&", p_razon_social => "&IF(TRIM(D45&"")="","NULL","'"&SUBSTITUTE(TRIM(D45),"'","''")&"'")&", p_id_tipo_cliente => "&IF(TRIM(I45&"")="","NULL","(SELECT lo.id FROM gen_lista_opciones lo JOIN gen_lista l ON l.id = lo.id_lista WHERE l.nombre = 'TipoCliente' AND upper(lo.nombre) = upper('"&SUBSTITUTE(TRIM(I45),"'","''")&"') AND lo.estado = 1 LIMIT 1)")&", p_id_tipo_persona => "&IF(TRIM(H45&"")="","NULL","(SELECT lo.id FROM gen_lista_opciones lo JOIN gen_lista l ON l.id = lo.id_lista WHERE l.nombre = 'TipoPersona' AND upper(lo.nombre) = upper('"&SUBSTITUTE(TRIM(H45),"'","''")&"') AND lo.estado = 1 LIMIT 1)")&", p_nombres => "&IF(TRIM(E45&"")="","NULL","'"&SUBSTITUTE(TRIM(E45),"'","''")&"'")&", p_apellido_paterno => "&IF(TRIM(F45&"")="","NULL","'"&SUBSTITUTE(TRIM(F45),"'","''")&"'")&", p_apellido_materno => "&IF(TRIM(G45&"")="","NULL","'"&SUBSTITUTE(TRIM(G45),"'","''")&"'")&", p_id_tipo_documento => "&IF(TRIM(B45&"")="","NULL","(SELECT lo.id FROM gen_lista_opciones lo JOIN gen_lista l ON l.id = lo.id_lista WHERE l.nombre = 'TipoDocumento' AND upper(lo.nombre) = upper('"&SUBSTITUTE(TRIM(B45),"'","''")&"') AND lo.estado = 1 LIMIT 1)")&", p_numero_documento => "&IF(TRIM(C45&"")="","NULL","'"&SUBSTITUTE(TRIM(C45),"'","''")&"'")&", p_telefono => "&IF(TRIM(L45&"")="","NULL","'"&SUBSTITUTE(TRIM(L45),"'","''")&"'")&", p_email => "&IF(TRIM(M45&"")="","NULL","'"&SUBSTITUTE(TRIM(M45),"'","''")&"'")&", p_observacion => "&IF(TRIM(O45&"")="","NULL","'"&SUBSTITUTE(TRIM(O45),"'","''")&"'")&", p_direccion => "&IF(TRIM(J45&"")="","NULL","'"&SUBSTITUTE(TRIM(J45),"'","''")&"'")&", p_referencia => "&IF(TRIM(K45&"")="","NULL","'"&SUBSTITUTE(TRIM(K45),"'","''")&"'")&") AS resultado_cliente_"&ROW()&";")
A46: =IF(AND(D46="",E46="",C46=""),"",IF(AND(D46="",E46=""),"FALTA razón social o nombres",IF(AND(C46<>"",SUMPRODUCT(--($C$5:$C$549=C46))>1),"DOCUMENTO DUPLICADO",IF(AND(B46="DNI",C46<>"",LEN(C46&"")<>8),"DNI debe tener 8 dígitos",IF(AND(B46="RUC",C46<>"",LEN(C46&"")<>11),"RUC debe tener 11 dígitos",IF(AND(N46<>"",SUMPRODUCT(--($N$5:$N$549=N46))>1),"CÓDIGO INTERNO DUPLICADO","OK")))))) | B46: RUC | C46: 20600017412 | D46: NORT PARTS MULTILLANTAS Y SERVICIOS GENERALES E.I.R.L. | H46: Persona Jurídica | I46: Cliente | P46: =IF(A46<>"OK","","SELECT cli_crear_clientes(p_codigo_interno => "&IF(TRIM(N46&"")="","NULL","'"&SUBSTITUTE(TRIM(N46),"'","''")&"'")&", p_razon_social => "&IF(TRIM(D46&"")="","NULL","'"&SUBSTITUTE(TRIM(D46),"'","''")&"'")&", p_id_tipo_cliente => "&IF(TRIM(I46&"")="","NULL","(SELECT lo.id FROM gen_lista_opciones lo JOIN gen_lista l ON l.id = lo.id_lista WHERE l.nombre = 'TipoCliente' AND upper(lo.nombre) = upper('"&SUBSTITUTE(TRIM(I46),"'","''")&"') AND lo.estado = 1 LIMIT 1)")&", p_id_tipo_persona => "&IF(TRIM(H46&"")="","NULL","(SELECT lo.id FROM gen_lista_opciones lo JOIN gen_lista l ON l.id = lo.id_lista WHERE l.nombre = 'TipoPersona' AND upper(lo.nombre) = upper('"&SUBSTITUTE(TRIM(H46),"'","''")&"') AND lo.estado = 1 LIMIT 1)")&", p_nombres => "&IF(TRIM(E46&"")="","NULL","'"&SUBSTITUTE(TRIM(E46),"'","''")&"'")&", p_apellido_paterno => "&IF(TRIM(F46&"")="","NULL","'"&SUBSTITUTE(TRIM(F46),"'","''")&"'")&", p_apellido_materno => "&IF(TRIM(G46&"")="","NULL","'"&SUBSTITUTE(TRIM(G46),"'","''")&"'")&", p_id_tipo_documento => "&IF(TRIM(B46&"")="","NULL","(SELECT lo.id FROM gen_lista_opciones lo JOIN gen_lista l ON l.id = lo.id_lista WHERE l.nombre = 'TipoDocumento' AND upper(lo.nombre) = upper('"&SUBSTITUTE(TRIM(B46),"'","''")&"') AND lo.estado = 1 LIMIT 1)")&", p_numero_documento => "&IF(TRIM(C46&"")="","NULL","'"&SUBSTITUTE(TRIM(C46),"'","''")&"'")&", p_telefono => "&IF(TRIM(L46&"")="","NULL","'"&SUBSTITUTE(TRIM(L46),"'","''")&"'")&", p_email => "&IF(TRIM(M46&"")="","NULL","'"&SUBSTITUTE(TRIM(M46),"'","''")&"'")&", p_observacion => "&IF(TRIM(O46&"")="","NULL","'"&SUBSTITUTE(TRIM(O46),"'","''")&"'")&", p_direccion => "&IF(TRIM(J46&"")="","NULL","'"&SUBSTITUTE(TRIM(J46),"'","''")&"'")&", p_referencia => "&IF(TRIM(K46&"")="","NULL","'"&SUBSTITUTE(TRIM(K46),"'","''")&"'")&") AS resultado_cliente_"&ROW()&";")
A47: =IF(AND(D47="",E47="",C47=""),"",IF(AND(D47="",E47=""),"FALTA razón social o nombres",IF(AND(C47<>"",SUMPRODUCT(--($C$5:$C$549=C47))>1),"DOCUMENTO DUPLICADO",IF(AND(B47="DNI",C47<>"",LEN(C47&"")<>8),"DNI debe tener 8 dígitos",IF(AND(B47="RUC",C47<>"",LEN(C47&"")<>11),"RUC debe tener 11 dígitos",IF(AND(N47<>"",SUMPRODUCT(--($N$5:$N$549=N47))>1),"CÓDIGO INTERNO DUPLICADO","OK")))))) | B47: RUC | C47: 20536698834 | D47: OXIGENO CHRISTIAN S.A.C. | H47: Persona Jurídica | I47: Proveedor | P47: =IF(A47<>"OK","","SELECT cli_crear_clientes(p_codigo_interno => "&IF(TRIM(N47&"")="","NULL","'"&SUBSTITUTE(TRIM(N47),"'","''")&"'")&", p_razon_social => "&IF(TRIM(D47&"")="","NULL","'"&SUBSTITUTE(TRIM(D47),"'","''")&"'")&", p_id_tipo_cliente => "&IF(TRIM(I47&"")="","NULL","(SELECT lo.id FROM gen_lista_opciones lo JOIN gen_lista l ON l.id = lo.id_lista WHERE l.nombre = 'TipoCliente' AND upper(lo.nombre) = upper('"&SUBSTITUTE(TRIM(I47),"'","''")&"') AND lo.estado = 1 LIMIT 1)")&", p_id_tipo_persona => "&IF(TRIM(H47&"")="","NULL","(SELECT lo.id FROM gen_lista_opciones lo JOIN gen_lista l ON l.id = lo.id_lista WHERE l.nombre = 'TipoPersona' AND upper(lo.nombre) = upper('"&SUBSTITUTE(TRIM(H47),"'","''")&"') AND lo.estado = 1 LIMIT 1)")&", p_nombres => "&IF(TRIM(E47&"")="","NULL","'"&SUBSTITUTE(TRIM(E47),"'","''")&"'")&", p_apellido_paterno => "&IF(TRIM(F47&"")="","NULL","'"&SUBSTITUTE(TRIM(F47),"'","''")&"'")&", p_apellido_materno => "&IF(TRIM(G47&"")="","NULL","'"&SUBSTITUTE(TRIM(G47),"'","''")&"'")&", p_id_tipo_documento => "&IF(TRIM(B47&"")="","NULL","(SELECT lo.id FROM gen_lista_opciones lo JOIN gen_lista l ON l.id = lo.id_lista WHERE l.nombre = 'TipoDocumento' AND upper(lo.nombre) = upper('"&SUBSTITUTE(TRIM(B47),"'","''")&"') AND lo.estado = 1 LIMIT 1)")&", p_numero_documento => "&IF(TRIM(C47&"")="","NULL","'"&SUBSTITUTE(TRIM(C47),"'","''")&"'")&", p_telefono => "&IF(TRIM(L47&"")="","NULL","'"&SUBSTITUTE(TRIM(L47),"'","''")&"'")&", p_email => "&IF(TRIM(M47&"")="","NULL","'"&SUBSTITUTE(TRIM(M47),"'","''")&"'")&", p_observacion => "&IF(TRIM(O47&"")="","NULL","'"&SUBSTITUTE(TRIM(O47),"'","''")&"'")&", p_direccion => "&IF(TRIM(J47&"")="","NULL","'"&SUBSTITUTE(TRIM(J47),"'","''")&"'")&", p_referencia => "&IF(TRIM(K47&"")="","NULL","'"&SUBSTITUTE(TRIM(K47),"'","''")&"'")&") AS resultado_cliente_"&ROW()&";")
A48: =IF(AND(D48="",E48="",C48=""),"",IF(AND(D48="",E48=""),"FALTA razón social o nombres",IF(AND(C48<>"",SUMPRODUCT(--($C$5:$C$549=C48))>1),"DOCUMENTO DUPLICADO",IF(AND(B48="DNI",C48<>"",LEN(C48&"")<>8),"DNI debe tener 8 dígitos",IF(AND(B48="RUC",C48<>"",LEN(C48&"")<>11),"RUC debe tener 11 dígitos",IF(AND(N48<>"",SUMPRODUCT(--($N$5:$N$549=N48))>1),"CÓDIGO INTERNO DUPLICADO","OK")))))) | B48: RUC | C48: 10175332796 | D48: OXIGENO SARITA | H48: Persona Jurídica | I48: Cliente | P48: =IF(A48<>"OK","","SELECT cli_crear_clientes(p_codigo_interno => "&IF(TRIM(N48&"")="","NULL","'"&SUBSTITUTE(TRIM(N48),"'","''")&"'")&", p_razon_social => "&IF(TRIM(D48&"")="","NULL","'"&SUBSTITUTE(TRIM(D48),"'","''")&"'")&", p_id_tipo_cliente => "&IF(TRIM(I48&"")="","NULL","(SELECT lo.id FROM gen_lista_opciones lo JOIN gen_lista l ON l.id = lo.id_lista WHERE l.nombre = 'TipoCliente' AND upper(lo.nombre) = upper('"&SUBSTITUTE(TRIM(I48),"'","''")&"') AND lo.estado = 1 LIMIT 1)")&", p_id_tipo_persona => "&IF(TRIM(H48&"")="","NULL","(SELECT lo.id FROM gen_lista_opciones lo JOIN gen_lista l ON l.id = lo.id_lista WHERE l.nombre = 'TipoPersona' AND upper(lo.nombre) = upper('"&SUBSTITUTE(TRIM(H48),"'","''")&"') AND lo.estado = 1 LIMIT 1)")&", p_nombres => "&IF(TRIM(E48&"")="","NULL","'"&SUBSTITUTE(TRIM(E48),"'","''")&"'")&", p_apellido_paterno => "&IF(TRIM(F48&"")="","NULL","'"&SUBSTITUTE(TRIM(F48),"'","''")&"'")&", p_apellido_materno => "&IF(TRIM(G48&"")="","NULL","'"&SUBSTITUTE(TRIM(G48),"'","''")&"'")&", p_id_tipo_documento => "&IF(TRIM(B48&"")="","NULL","(SELECT lo.id FROM gen_lista_opciones lo JOIN gen_lista l ON l.id = lo.id_lista WHERE l.nombre = 'TipoDocumento' AND upper(lo.nombre) = upper('"&SUBSTITUTE(TRIM(B48),"'","''")&"') AND lo.estado = 1 LIMIT 1)")&", p_numero_documento => "&IF(TRIM(C48&"")="","NULL","'"&SUBSTITUTE(TRIM(C48),"'","''")&"'")&", p_telefono => "&IF(TRIM(L48&"")="","NULL","'"&SUBSTITUTE(TRIM(L48),"'","''")&"'")&", p_email => "&IF(TRIM(M48&"")="","NULL","'"&SUBSTITUTE(TRIM(M48),"'","''")&"'")&", p_observacion => "&IF(TRIM(O48&"")="","NULL","'"&SUBSTITUTE(TRIM(O48),"'","''")&"'")&", p_direccion => "&IF(TRIM(J48&"")="","NULL","'"&SUBSTITUTE(TRIM(J48),"'","''")&"'")&", p_referencia => "&IF(TRIM(K48&"")="","NULL","'"&SUBSTITUTE(TRIM(K48),"'","''")&"'")&") AS resultado_cliente_"&ROW()&";")
A49: =IF(AND(D49="",E49="",C49=""),"",IF(AND(D49="",E49=""),"FALTA razón social o nombres",IF(AND(C49<>"",SUMPRODUCT(--($C$5:$C$549=C49))>1),"DOCUMENTO DUPLICADO",IF(AND(B49="DNI",C49<>"",LEN(C49&"")<>8),"DNI debe tener 8 dígitos",IF(AND(B49="RUC",C49<>"",LEN(C49&"")<>11),"RUC debe tener 11 dígitos",IF(AND(N49<>"",SUMPRODUCT(--($N$5:$N$549=N49))>1),"CÓDIGO INTERNO DUPLICADO","OK")))))) | B49: DNI | C49: 16671957 | E49: JOSE ALBERTO | F49: GOMEZ | G49: CASTILLO | H49: Persona Natural | I49: Cliente | P49: =IF(A49<>"OK","","SELECT cli_crear_clientes(p_codigo_interno => "&IF(TRIM(N49&"")="","NULL","'"&SUBSTITUTE(TRIM(N49),"'","''")&"'")&", p_razon_social => "&IF(TRIM(D49&"")="","NULL","'"&SUBSTITUTE(TRIM(D49),"'","''")&"'")&", p_id_tipo_cliente => "&IF(TRIM(I49&"")="","NULL","(SELECT lo.id FROM gen_lista_opciones lo JOIN gen_lista l ON l.id = lo.id_lista WHERE l.nombre = 'TipoCliente' AND upper(lo.nombre) = upper('"&SUBSTITUTE(TRIM(I49),"'","''")&"') AND lo.estado = 1 LIMIT 1)")&", p_id_tipo_persona => "&IF(TRIM(H49&"")="","NULL","(SELECT lo.id FROM gen_lista_opciones lo JOIN gen_lista l ON l.id = lo.id_lista WHERE l.nombre = 'TipoPersona' AND upper(lo.nombre) = upper('"&SUBSTITUTE(TRIM(H49),"'","''")&"') AND lo.estado = 1 LIMIT 1)")&", p_nombres => "&IF(TRIM(E49&"")="","NULL","'"&SUBSTITUTE(TRIM(E49),"'","''")&"'")&", p_apellido_paterno => "&IF(TRIM(F49&"")="","NULL","'"&SUBSTITUTE(TRIM(F49),"'","''")&"'")&", p_apellido_materno => "&IF(TRIM(G49&"")="","NULL","'"&SUBSTITUTE(TRIM(G49),"'","''")&"'")&", p_id_tipo_documento => "&IF(TRIM(B49&"")="","NULL","(SELECT lo.id FROM gen_lista_opciones lo JOIN gen_lista l ON l.id = lo.id_lista WHERE l.nombre = 'TipoDocumento' AND upper(lo.nombre) = upper('"&SUBSTITUTE(TRIM(B49),"'","''")&"') AND lo.estado = 1 LIMIT 1)")&", p_numero_documento => "&IF(TRIM(C49&"")="","NULL","'"&SUBSTITUTE(TRIM(C49),"'","''")&"'")&", p_telefono => "&IF(TRIM(L49&"")="","NULL","'"&SUBSTITUTE(TRIM(L49),"'","''")&"'")&", p_email => "&IF(TRIM(M49&"")="","NULL","'"&SUBSTITUTE(TRIM(M49),"'","''")&"'")&", p_observacion => "&IF(TRIM(O49&"")="","NULL","'"&SUBSTITUTE(TRIM(O49),"'","''")&"'")&", p_direccion => "&IF(TRIM(J49&"")="","NULL","'"&SUBSTITUTE(TRIM(J49),"'","''")&"'")&", p_referencia => "&IF(TRIM(K49&"")="","NULL","'"&SUBSTITUTE(TRIM(K49),"'","''")&"'")&") AS resultado_cliente_"&ROW()&";")
A50: =IF(AND(D50="",E50="",C50=""),"",IF(AND(D50="",E50=""),"FALTA razón social o nombres",IF(AND(C50<>"",SUMPRODUCT(--($C$5:$C$549=C50))>1),"DOCUMENTO DUPLICADO",IF(AND(B50="DNI",C50<>"",LEN(C50&"")<>8),"DNI debe tener 8 dígitos",IF(AND(B50="RUC",C50<>"",LEN(C50&"")<>11),"RUC debe tener 11 dígitos",IF(AND(N50<>"",SUMPRODUCT(--($N$5:$N$549=N50))>1),"CÓDIGO INTERNO DUPLICADO","OK")))))) | B50: RUC | C50: 20518304233 | D50: POTENZA GAS S.A.C. | H50: Persona Jurídica | I50: Cliente | P50: =IF(A50<>"OK","","SELECT cli_crear_clientes(p_codigo_interno => "&IF(TRIM(N50&"")="","NULL","'"&SUBSTITUTE(TRIM(N50),"'","''")&"'")&", p_razon_social => "&IF(TRIM(D50&"")="","NULL","'"&SUBSTITUTE(TRIM(D50),"'","''")&"'")&", p_id_tipo_cliente => "&IF(TRIM(I50&"")="","NULL","(SELECT lo.id FROM gen_lista_opciones lo JOIN gen_lista l ON l.id = lo.id_lista WHERE l.nombre = 'TipoCliente' AND upper(lo.nombre) = upper('"&SUBSTITUTE(TRIM(I50),"'","''")&"') AND lo.estado = 1 LIMIT 1)")&", p_id_tipo_persona => "&IF(TRIM(H50&"")="","NULL","(SELECT lo.id FROM gen_lista_opciones lo JOIN gen_lista l ON l.id = lo.id_lista WHERE l.nombre = 'TipoPersona' AND upper(lo.nombre) = upper('"&SUBSTITUTE(TRIM(H50),"'","''")&"') AND lo.estado = 1 LIMIT 1)")&", p_nombres => "&IF(TRIM(E50&"")="","NULL","'"&SUBSTITUTE(TRIM(E50),"'","''")&"'")&", p_apellido_paterno => "&IF(TRIM(F50&"")="","NULL","'"&SUBSTITUTE(TRIM(F50),"'","''")&"'")&", p_apellido_materno => "&IF(TRIM(G50&"")="","NULL","'"&SUBSTITUTE(TRIM(G50),"'","''")&"'")&", p_id_tipo_documento => "&IF(TRIM(B50&"")="","NULL","(SELECT lo.id FROM gen_lista_opciones lo JOIN gen_lista l ON l.id = lo.id_lista WHERE l.nombre = 'TipoDocumento' AND upper(lo.nombre) = upper('"&SUBSTITUTE(TRIM(B50),"'","''")&"') AND lo.estado = 1 LIMIT 1)")&", p_numero_documento => "&IF(TRIM(C50&"")="","NULL","'"&SUBSTITUTE(TRIM(C50),"'","''")&"'")&", p_telefono => "&IF(TRIM(L50&"")="","NULL","'"&SUBSTITUTE(TRIM(L50),"'","''")&"'")&", p_email => "&IF(TRIM(M50&"")="","NULL","'"&SUBSTITUTE(TRIM(M50),"'","''")&"'")&", p_observacion => "&IF(TRIM(O50&"")="","NULL","'"&SUBSTITUTE(TRIM(O50),"'","''")&"'")&", p_direccion => "&IF(TRIM(J50&"")="","NULL","'"&SUBSTITUTE(TRIM(J50),"'","''")&"'")&", p_referencia => "&IF(TRIM(K50&"")="","NULL","'"&SUBSTITUTE(TRIM(K50),"'","''")&"'")&") AS resultado_cliente_"&ROW()&";")
A51: =IF(AND(D51="",E51="",C51=""),"",IF(AND(D51="",E51=""),"FALTA razón social o nombres",IF(AND(C51<>"",SUMPRODUCT(--($C$5:$C$549=C51))>1),"DOCUMENTO DUPLICADO",IF(AND(B51="DNI",C51<>"",LEN(C51&"")<>8),"DNI debe tener 8 dígitos",IF(AND(B51="RUC",C51<>"",LEN(C51&"")<>11),"RUC debe tener 11 dígitos",IF(AND(N51<>"",SUMPRODUCT(--($N$5:$N$549=N51))>1),"CÓDIGO INTERNO DUPLICADO","OK")))))) | B51: RUC | C51: 20270453679 | D51: PRODUCTOS INDUSTRIALES SRL | H51: Persona Jurídica | I51: Cliente | J51: AV. JOSE LEONARDO ORTIZ NRO. 428 RES. JOSE LEONARDO ORTIZ | P51: =IF(A51<>"OK","","SELECT cli_crear_clientes(p_codigo_interno => "&IF(TRIM(N51&"")="","NULL","'"&SUBSTITUTE(TRIM(N51),"'","''")&"'")&", p_razon_social => "&IF(TRIM(D51&"")="","NULL","'"&SUBSTITUTE(TRIM(D51),"'","''")&"'")&", p_id_tipo_cliente => "&IF(TRIM(I51&"")="","NULL","(SELECT lo.id FROM gen_lista_opciones lo JOIN gen_lista l ON l.id = lo.id_lista WHERE l.nombre = 'TipoCliente' AND upper(lo.nombre) = upper('"&SUBSTITUTE(TRIM(I51),"'","''")&"') AND lo.estado = 1 LIMIT 1)")&", p_id_tipo_persona => "&IF(TRIM(H51&"")="","NULL","(SELECT lo.id FROM gen_lista_opciones lo JOIN gen_lista l ON l.id = lo.id_lista WHERE l.nombre = 'TipoPersona' AND upper(lo.nombre) = upper('"&SUBSTITUTE(TRIM(H51),"'","''")&"') AND lo.estado = 1 LIMIT 1)")&", p_nombres => "&IF(TRIM(E51&"")="","NULL","'"&SUBSTITUTE(TRIM(E51),"'","''")&"'")&", p_apellido_paterno => "&IF(TRIM(F51&"")="","NULL","'"&SUBSTITUTE(TRIM(F51),"'","''")&"'")&", p_apellido_materno => "&IF(TRIM(G51&"")="","NULL","'"&SUBSTITUTE(TRIM(G51),"'","''")&"'")&", p_id_tipo_documento => "&IF(TRIM(B51&"")="","NULL","(SELECT lo.id FROM gen_lista_opciones lo JOIN gen_lista l ON l.id = lo.id_lista WHERE l.nombre = 'TipoDocumento' AND upper(lo.nombre) = upper('"&SUBSTITUTE(TRIM(B51),"'","''")&"') AND lo.estado = 1 LIMIT 1)")&", p_numero_documento => "&IF(TRIM(C51&"")="","NULL","'"&SUBSTITUTE(TRIM(C51),"'","''")&"'")&", p_telefono => "&IF(TRIM(L51&"")="","NULL","'"&SUBSTITUTE(TRIM(L51),"'","''")&"'")&", p_email => "&IF(TRIM(M51&"")="","NULL","'"&SUBSTITUTE(TRIM(M51),"'","''")&"'")&", p_observacion => "&IF(TRIM(O51&"")="","NULL","'"&SUBSTITUTE(TRIM(O51),"'","''")&"'")&", p_direccion => "&IF(TRIM(J51&"")="","NULL","'"&SUBSTITUTE(TRIM(J51),"'","''")&"'")&", p_referencia => "&IF(TRIM(K51&"")="","NULL","'"&SUBSTITUTE(TRIM(K51),"'","''")&"'")&") AS resultado_cliente_"&ROW()&";")
A52: =IF(AND(D52="",E52="",C52=""),"",IF(AND(D52="",E52=""),"FALTA razón social o nombres",IF(AND(C52<>"",SUMPRODUCT(--($C$5:$C$549=C52))>1),"DOCUMENTO DUPLICADO",IF(AND(B52="DNI",C52<>"",LEN(C52&"")<>8),"DNI debe tener 8 dígitos",IF(AND(B52="RUC",C52<>"",LEN(C52&"")<>11),"RUC debe tener 11 dígitos",IF(AND(N52<>"",SUMPRODUCT(--($N$5:$N$549=N52))>1),"CÓDIGO INTERNO DUPLICADO","OK")))))) | B52: RUC | C52: 20607756121 | D52: PROYECTOS FINOX E.I.R.L. | H52: Persona Jurídica | I52: Cliente | P52: =IF(A52<>"OK","","SELECT cli_crear_clientes(p_codigo_interno => "&IF(TRIM(N52&"")="","NULL","'"&SUBSTITUTE(TRIM(N52),"'","''")&"'")&", p_razon_social => "&IF(TRIM(D52&"")="","NULL","'"&SUBSTITUTE(TRIM(D52),"'","''")&"'")&", p_id_tipo_cliente => "&IF(TRIM(I52&"")="","NULL","(SELECT lo.id FROM gen_lista_opciones lo JOIN gen_lista l ON l.id = lo.id_lista WHERE l.nombre = 'TipoCliente' AND upper(lo.nombre) = upper('"&SUBSTITUTE(TRIM(I52),"'","''")&"') AND lo.estado = 1 LIMIT 1)")&", p_id_tipo_persona => "&IF(TRIM(H52&"")="","NULL","(SELECT lo.id FROM gen_lista_opciones lo JOIN gen_lista l ON l.id = lo.id_lista WHERE l.nombre = 'TipoPersona' AND upper(lo.nombre) = upper('"&SUBSTITUTE(TRIM(H52),"'","''")&"') AND lo.estado = 1 LIMIT 1)")&", p_nombres => "&IF(TRIM(E52&"")="","NULL","'"&SUBSTITUTE(TRIM(E52),"'","''")&"'")&", p_apellido_paterno => "&IF(TRIM(F52&"")="","NULL","'"&SUBSTITUTE(TRIM(F52),"'","''")&"'")&", p_apellido_materno => "&IF(TRIM(G52&"")="","NULL","'"&SUBSTITUTE(TRIM(G52),"'","''")&"'")&", p_id_tipo_documento => "&IF(TRIM(B52&"")="","NULL","(SELECT lo.id FROM gen_lista_opciones lo JOIN gen_lista l ON l.id = lo.id_lista WHERE l.nombre = 'TipoDocumento' AND upper(lo.nombre) = upper('"&SUBSTITUTE(TRIM(B52),"'","''")&"') AND lo.estado = 1 LIMIT 1)")&", p_numero_documento => "&IF(TRIM(C52&"")="","NULL","'"&SUBSTITUTE(TRIM(C52),"'","''")&"'")&", p_telefono => "&IF(TRIM(L52&"")="","NULL","'"&SUBSTITUTE(TRIM(L52),"'","''")&"'")&", p_email => "&IF(TRIM(M52&"")="","NULL","'"&SUBSTITUTE(TRIM(M52),"'","''")&"'")&", p_observacion => "&IF(TRIM(O52&"")="","NULL","'"&SUBSTITUTE(TRIM(O52),"'","''")&"'")&", p_direccion => "&IF(TRIM(J52&"")="","NULL","'"&SUBSTITUTE(TRIM(J52),"'","''")&"'")&", p_referencia => "&IF(TRIM(K52&"")="","NULL","'"&SUBSTITUTE(TRIM(K52),"'","''")&"'")&") AS resultado_cliente_"&ROW()&";")
A53: =IF(AND(D53="",E53="",C53=""),"",IF(AND(D53="",E53=""),"FALTA razón social o nombres",IF(AND(C53<>"",SUMPRODUCT(--($C$5:$C$549=C53))>1),"DOCUMENTO DUPLICADO",IF(AND(B53="DNI",C53<>"",LEN(C53&"")<>8),"DNI debe tener 8 dígitos",IF(AND(B53="RUC",C53<>"",LEN(C53&"")<>11),"RUC debe tener 11 dígitos",IF(AND(N53<>"",SUMPRODUCT(--($N$5:$N$549=N53))>1),"CÓDIGO INTERNO DUPLICADO","OK")))))) | B53: DNI | C53: 27392599 | D53: RUIZ SEGURA SEGUNDO SEBASTIAN | H53: Persona Natural | I53: Cliente | P53: =IF(A53<>"OK","","SELECT cli_crear_clientes(p_codigo_interno => "&IF(TRIM(N53&"")="","NULL","'"&SUBSTITUTE(TRIM(N53),"'","''")&"'")&", p_razon_social => "&IF(TRIM(D53&"")="","NULL","'"&SUBSTITUTE(TRIM(D53),"'","''")&"'")&", p_id_tipo_cliente => "&IF(TRIM(I53&"")="","NULL","(SELECT lo.id FROM gen_lista_opciones lo JOIN gen_lista l ON l.id = lo.id_lista WHERE l.nombre = 'TipoCliente' AND upper(lo.nombre) = upper('"&SUBSTITUTE(TRIM(I53),"'","''")&"') AND lo.estado = 1 LIMIT 1)")&", p_id_tipo_persona => "&IF(TRIM(H53&"")="","NULL","(SELECT lo.id FROM gen_lista_opciones lo JOIN gen_lista l ON l.id = lo.id_lista WHERE l.nombre = 'TipoPersona' AND upper(lo.nombre) = upper('"&SUBSTITUTE(TRIM(H53),"'","''")&"') AND lo.estado = 1 LIMIT 1)")&", p_nombres => "&IF(TRIM(E53&"")="","NULL","'"&SUBSTITUTE(TRIM(E53),"'","''")&"'")&", p_apellido_paterno => "&IF(TRIM(F53&"")="","NULL","'"&SUBSTITUTE(TRIM(F53),"'","''")&"'")&", p_apellido_materno => "&IF(TRIM(G53&"")="","NULL","'"&SUBSTITUTE(TRIM(G53),"'","''")&"'")&", p_id_tipo_documento => "&IF(TRIM(B53&"")="","NULL","(SELECT lo.id FROM gen_lista_opciones lo JOIN gen_lista l ON l.id = lo.id_lista WHERE l.nombre = 'TipoDocumento' AND upper(lo.nombre) = upper('"&SUBSTITUTE(TRIM(B53),"'","''")&"') AND lo.estado = 1 LIMIT 1)")&", p_numero_documento => "&IF(TRIM(C53&"")="","NULL","'"&SUBSTITUTE(TRIM(C53),"'","''")&"'")&", p_telefono => "&IF(TRIM(L53&"")="","NULL","'"&SUBSTITUTE(TRIM(L53),"'","''")&"'")&", p_email => "&IF(TRIM(M53&"")="","NULL","'"&SUBSTITUTE(TRIM(M53),"'","''")&"'")&", p_observacion => "&IF(TRIM(O53&"")="","NULL","'"&SUBSTITUTE(TRIM(O53),"'","''")&"'")&", p_direccion => "&IF(TRIM(J53&"")="","NULL","'"&SUBSTITUTE(TRIM(J53),"'","''")&"'")&", p_referencia => "&IF(TRIM(K53&"")="","NULL","'"&SUBSTITUTE(TRIM(K53),"'","''")&"'")&") AS resultado_cliente_"&ROW()&";")
A54: =IF(AND(D54="",E54="",C54=""),"",IF(AND(D54="",E54=""),"FALTA razón social o nombres",IF(AND(C54<>"",SUMPRODUCT(--($C$5:$C$549=C54))>1),"DOCUMENTO DUPLICADO",IF(AND(B54="DNI",C54<>"",LEN(C54&"")<>8),"DNI debe tener 8 dígitos",IF(AND(B54="RUC",C54<>"",LEN(C54&"")<>11),"RUC debe tener 11 dígitos",IF(AND(N54<>"",SUMPRODUCT(--($N$5:$N$549=N54))>1),"CÓDIGO INTERNO DUPLICADO","OK")))))) | B54: RUC | C54: 10471465572 | D54: RUIZ TORRES WILSON | H54: Persona Jurídica | I54: Cliente | P54: =IF(A54<>"OK","","SELECT cli_crear_clientes(p_codigo_interno => "&IF(TRIM(N54&"")="","NULL","'"&SUBSTITUTE(TRIM(N54),"'","''")&"'")&", p_razon_social => "&IF(TRIM(D54&"")="","NULL","'"&SUBSTITUTE(TRIM(D54),"'","''")&"'")&", p_id_tipo_cliente => "&IF(TRIM(I54&"")="","NULL","(SELECT lo.id FROM gen_lista_opciones lo JOIN gen_lista l ON l.id = lo.id_lista WHERE l.nombre = 'TipoCliente' AND upper(lo.nombre) = upper('"&SUBSTITUTE(TRIM(I54),"'","''")&"') AND lo.estado = 1 LIMIT 1)")&", p_id_tipo_persona => "&IF(TRIM(H54&"")="","NULL","(SELECT lo.id FROM gen_lista_opciones lo JOIN gen_lista l ON l.id = lo.id_lista WHERE l.nombre = 'TipoPersona' AND upper(lo.nombre) = upper('"&SUBSTITUTE(TRIM(H54),"'","''")&"') AND lo.estado = 1 LIMIT 1)")&", p_nombres => "&IF(TRIM(E54&"")="","NULL","'"&SUBSTITUTE(TRIM(E54),"'","''")&"'")&", p_apellido_paterno => "&IF(TRIM(F54&"")="","NULL","'"&SUBSTITUTE(TRIM(F54),"'","''")&"'")&", p_apellido_materno => "&IF(TRIM(G54&"")="","NULL","'"&SUBSTITUTE(TRIM(G54),"'","''")&"'")&", p_id_tipo_documento => "&IF(TRIM(B54&"")="","NULL","(SELECT lo.id FROM gen_lista_opciones lo JOIN gen_lista l ON l.id = lo.id_lista WHERE l.nombre = 'TipoDocumento' AND upper(lo.nombre) = upper('"&SUBSTITUTE(TRIM(B54),"'","''")&"') AND lo.estado = 1 LIMIT 1)")&", p_numero_documento => "&IF(TRIM(C54&"")="","NULL","'"&SUBSTITUTE(TRIM(C54),"'","''")&"'")&", p_telefono => "&IF(TRIM(L54&"")="","NULL","'"&SUBSTITUTE(TRIM(L54),"'","''")&"'")&", p_email => "&IF(TRIM(M54&"")="","NULL","'"&SUBSTITUTE(TRIM(M54),"'","''")&"'")&", p_observacion => "&IF(TRIM(O54&"")="","NULL","'"&SUBSTITUTE(TRIM(O54),"'","''")&"'")&", p_direccion => "&IF(TRIM(J54&"")="","NULL","'"&SUBSTITUTE(TRIM(J54),"'","''")&"'")&", p_referencia => "&IF(TRIM(K54&"")="","NULL","'"&SUBSTITUTE(TRIM(K54),"'","''")&"'")&") AS resultado_cliente_"&ROW()&";")
A55: =IF(AND(D55="",E55="",C55=""),"",IF(AND(D55="",E55=""),"FALTA razón social o nombres",IF(AND(C55<>"",SUMPRODUCT(--($C$5:$C$549=C55))>1),"DOCUMENTO DUPLICADO",IF(AND(B55="DNI",C55<>"",LEN(C55&"")<>8),"DNI debe tener 8 dígitos",IF(AND(B55="RUC",C55<>"",LEN(C55&"")<>11),"RUC debe tener 11 dígitos",IF(AND(N55<>"",SUMPRODUCT(--($N$5:$N$549=N55))>1),"CÓDIGO INTERNO DUPLICADO","OK")))))) | B55: RUC | C55: 10477042347 | D55: SANDOVAL SANTISTEBAN DANTE | H55: Persona Jurídica | I55: Cliente | P55: =IF(A55<>"OK","","SELECT cli_crear_clientes(p_codigo_interno => "&IF(TRIM(N55&"")="","NULL","'"&SUBSTITUTE(TRIM(N55),"'","''")&"'")&", p_razon_social => "&IF(TRIM(D55&"")="","NULL","'"&SUBSTITUTE(TRIM(D55),"'","''")&"'")&", p_id_tipo_cliente => "&IF(TRIM(I55&"")="","NULL","(SELECT lo.id FROM gen_lista_opciones lo JOIN gen_lista l ON l.id = lo.id_lista WHERE l.nombre = 'TipoCliente' AND upper(lo.nombre) = upper('"&SUBSTITUTE(TRIM(I55),"'","''")&"') AND lo.estado = 1 LIMIT 1)")&", p_id_tipo_persona => "&IF(TRIM(H55&"")="","NULL","(SELECT lo.id FROM gen_lista_opciones lo JOIN gen_lista l ON l.id = lo.id_lista WHERE l.nombre = 'TipoPersona' AND upper(lo.nombre) = upper('"&SUBSTITUTE(TRIM(H55),"'","''")&"') AND lo.estado = 1 LIMIT 1)")&", p_nombres => "&IF(TRIM(E55&"")="","NULL","'"&SUBSTITUTE(TRIM(E55),"'","''")&"'")&", p_apellido_paterno => "&IF(TRIM(F55&"")="","NULL","'"&SUBSTITUTE(TRIM(F55),"'","''")&"'")&", p_apellido_materno => "&IF(TRIM(G55&"")="","NULL","'"&SUBSTITUTE(TRIM(G55),"'","''")&"'")&", p_id_tipo_documento => "&IF(TRIM(B55&"")="","NULL","(SELECT lo.id FROM gen_lista_opciones lo JOIN gen_lista l ON l.id = lo.id_lista WHERE l.nombre = 'TipoDocumento' AND upper(lo.nombre) = upper('"&SUBSTITUTE(TRIM(B55),"'","''")&"') AND lo.estado = 1 LIMIT 1)")&", p_numero_documento => "&IF(TRIM(C55&"")="","NULL","'"&SUBSTITUTE(TRIM(C55),"'","''")&"'")&", p_telefono => "&IF(TRIM(L55&"")="","NULL","'"&SUBSTITUTE(TRIM(L55),"'","''")&"'")&", p_email => "&IF(TRIM(M55&"")="","NULL","'"&SUBSTITUTE(TRIM(M55),"'","''")&"'")&", p_observacion => "&IF(TRIM(O55&"")="","NULL","'"&SUBSTITUTE(TRIM(O55),"'","''")&"'")&", p_direccion => "&IF(TRIM(J55&"")="","NULL","'"&SUBSTITUTE(TRIM(J55),"'","''")&"'")&", p_referencia => "&IF(TRIM(K55&"")="","NULL","'"&SUBSTITUTE(TRIM(K55),"'","''")&"'")&") AS resultado_cliente_"&ROW()&";")
A56: =IF(AND(D56="",E56="",C56=""),"",IF(AND(D56="",E56=""),"FALTA razón social o nombres",IF(AND(C56<>"",SUMPRODUCT(--($C$5:$C$549=C56))>1),"DOCUMENTO DUPLICADO",IF(AND(B56="DNI",C56<>"",LEN(C56&"")<>8),"DNI debe tener 8 dígitos",IF(AND(B56="RUC",C56<>"",LEN(C56&"")<>11),"RUC debe tener 11 dígitos",IF(AND(N56<>"",SUMPRODUCT(--($N$5:$N$549=N56))>1),"CÓDIGO INTERNO DUPLICADO","OK")))))) | B56: DNI | C56: 73829125 | E56: FERNANDO | F56: PERRIGO | G56: MAYTA | H56: Persona Natural | I56: Cliente | P56: =IF(A56<>"OK","","SELECT cli_crear_clientes(p_codigo_interno => "&IF(TRIM(N56&"")="","NULL","'"&SUBSTITUTE(TRIM(N56),"'","''")&"'")&", p_razon_social => "&IF(TRIM(D56&"")="","NULL","'"&SUBSTITUTE(TRIM(D56),"'","''")&"'")&", p_id_tipo_cliente => "&IF(TRIM(I56&"")="","NULL","(SELECT lo.id FROM gen_lista_opciones lo JOIN gen_lista l ON l.id = lo.id_lista WHERE l.nombre = 'TipoCliente' AND upper(lo.nombre) = upper('"&SUBSTITUTE(TRIM(I56),"'","''")&"') AND lo.estado = 1 LIMIT 1)")&", p_id_tipo_persona => "&IF(TRIM(H56&"")="","NULL","(SELECT lo.id FROM gen_lista_opciones lo JOIN gen_lista l ON l.id = lo.id_lista WHERE l.nombre = 'TipoPersona' AND upper(lo.nombre) = upper('"&SUBSTITUTE(TRIM(H56),"'","''")&"') AND lo.estado = 1 LIMIT 1)")&", p_nombres => "&IF(TRIM(E56&"")="","NULL","'"&SUBSTITUTE(TRIM(E56),"'","''")&"'")&", p_apellido_paterno => "&IF(TRIM(F56&"")="","NULL","'"&SUBSTITUTE(TRIM(F56),"'","''")&"'")&", p_apellido_materno => "&IF(TRIM(G56&"")="","NULL","'"&SUBSTITUTE(TRIM(G56),"'","''")&"'")&", p_id_tipo_documento => "&IF(TRIM(B56&"")="","NULL","(SELECT lo.id FROM gen_lista_opciones lo JOIN gen_lista l ON l.id = lo.id_lista WHERE l.nombre = 'TipoDocumento' AND upper(lo.nombre) = upper('"&SUBSTITUTE(TRIM(B56),"'","''")&"') AND lo.estado = 1 LIMIT 1)")&", p_numero_documento => "&IF(TRIM(C56&"")="","NULL","'"&SUBSTITUTE(TRIM(C56),"'","''")&"'")&", p_telefono => "&IF(TRIM(L56&"")="","NULL","'"&SUBSTITUTE(TRIM(L56),"'","''")&"'")&", p_email => "&IF(TRIM(M56&"")="","NULL","'"&SUBSTITUTE(TRIM(M56),"'","''")&"'")&", p_observacion => "&IF(TRIM(O56&"")="","NULL","'"&SUBSTITUTE(TRIM(O56),"'","''")&"'")&", p_direccion => "&IF(TRIM(J56&"")="","NULL","'"&SUBSTITUTE(TRIM(J56),"'","''")&"'")&", p_referencia => "&IF(TRIM(K56&"")="","NULL","'"&SUBSTITUTE(TRIM(K56),"'","''")&"'")&") AS resultado_cliente_"&ROW()&";")
A57: =IF(AND(D57="",E57="",C57=""),"",IF(AND(D57="",E57=""),"FALTA razón social o nombres",IF(AND(C57<>"",SUMPRODUCT(--($C$5:$C$549=C57))>1),"DOCUMENTO DUPLICADO",IF(AND(B57="DNI",C57<>"",LEN(C57&"")<>8),"DNI debe tener 8 dígitos",IF(AND(B57="RUC",C57<>"",LEN(C57&"")<>11),"RUC debe tener 11 dígitos",IF(AND(N57<>"",SUMPRODUCT(--($N$5:$N$549=N57))>1),"CÓDIGO INTERNO DUPLICADO","OK")))))) | B57: DNI | C57: 17621023 | E57: CESAR | F57: SANDOVAL | G57: INOÑAN | H57: Persona Natural | I57: Cliente | P57: =IF(A57<>"OK","","SELECT cli_crear_clientes(p_codigo_interno => "&IF(TRIM(N57&"")="","NULL","'"&SUBSTITUTE(TRIM(N57),"'","''")&"'")&", p_razon_social => "&IF(TRIM(D57&"")="","NULL","'"&SUBSTITUTE(TRIM(D57),"'","''")&"'")&", p_id_tipo_cliente => "&IF(TRIM(I57&"")="","NULL","(SELECT lo.id FROM gen_lista_opciones lo JOIN gen_lista l ON l.id = lo.id_lista WHERE l.nombre = 'TipoCliente' AND upper(lo.nombre) = upper('"&SUBSTITUTE(TRIM(I57),"'","''")&"') AND lo.estado = 1 LIMIT 1)")&", p_id_tipo_persona => "&IF(TRIM(H57&"")="","NULL","(SELECT lo.id FROM gen_lista_opciones lo JOIN gen_lista l ON l.id = lo.id_lista WHERE l.nombre = 'TipoPersona' AND upper(lo.nombre) = upper('"&SUBSTITUTE(TRIM(H57),"'","''")&"') AND lo.estado = 1 LIMIT 1)")&", p_nombres => "&IF(TRIM(E57&"")="","NULL","'"&SUBSTITUTE(TRIM(E57),"'","''")&"'")&", p_apellido_paterno => "&IF(TRIM(F57&"")="","NULL","'"&SUBSTITUTE(TRIM(F57),"'","''")&"'")&", p_apellido_materno => "&IF(TRIM(G57&"")="","NULL","'"&SUBSTITUTE(TRIM(G57),"'","''")&"'")&", p_id_tipo_documento => "&IF(TRIM(B57&"")="","NULL","(SELECT lo.id FROM gen_lista_opciones lo JOIN gen_lista l ON l.id = lo.id_lista WHERE l.nombre = 'TipoDocumento' AND upper(lo.nombre) = upper('"&SUBSTITUTE(TRIM(B57),"'","''")&"') AND lo.estado = 1 LIMIT 1)")&", p_numero_documento => "&IF(TRIM(C57&"")="","NULL","'"&SUBSTITUTE(TRIM(C57),"'","''")&"'")&", p_telefono => "&IF(TRIM(L57&"")="","NULL","'"&SUBSTITUTE(TRIM(L57),"'","''")&"'")&", p_email => "&IF(TRIM(M57&"")="","NULL","'"&SUBSTITUTE(TRIM(M57),"'","''")&"'")&", p_observacion => "&IF(TRIM(O57&"")="","NULL","'"&SUBSTITUTE(TRIM(O57),"'","''")&"'")&", p_direccion => "&IF(TRIM(J57&"")="","NULL","'"&SUBSTITUTE(TRIM(J57),"'","''")&"'")&", p_referencia => "&IF(TRIM(K57&"")="","NULL","'"&SUBSTITUTE(TRIM(K57),"'","''")&"'")&") AS resultado_cliente_"&ROW()&";")
A58: =IF(AND(D58="",E58="",C58=""),"",IF(AND(D58="",E58=""),"FALTA razón social o nombres",IF(AND(C58<>"",SUMPRODUCT(--($C$5:$C$549=C58))>1),"DOCUMENTO DUPLICADO",IF(AND(B58="DNI",C58<>"",LEN(C58&"")<>8),"DNI debe tener 8 dígitos",IF(AND(B58="RUC",C58<>"",LEN(C58&"")<>11),"RUC debe tener 11 dígitos",IF(AND(N58<>"",SUMPRODUCT(--($N$5:$N$549=N58))>1),"CÓDIGO INTERNO DUPLICADO","OK")))))) | B58: DNI | C58: 45355947 | E58: JUANA | F58: LINARES | G58: TORRES | H58: Persona Natural | I58: Cliente | P58: =IF(A58<>"OK","","SELECT cli_crear_clientes(p_codigo_interno => "&IF(TRIM(N58&"")="","NULL","'"&SUBSTITUTE(TRIM(N58),"'","''")&"'")&", p_razon_social => "&IF(TRIM(D58&"")="","NULL","'"&SUBSTITUTE(TRIM(D58),"'","''")&"'")&", p_id_tipo_cliente => "&IF(TRIM(I58&"")="","NULL","(SELECT lo.id FROM gen_lista_opciones lo JOIN gen_lista l ON l.id = lo.id_lista WHERE l.nombre = 'TipoCliente' AND upper(lo.nombre) = upper('"&SUBSTITUTE(TRIM(I58),"'","''")&"') AND lo.estado = 1 LIMIT 1)")&", p_id_tipo_persona => "&IF(TRIM(H58&"")="","NULL","(SELECT lo.id FROM gen_lista_opciones lo JOIN gen_lista l ON l.id = lo.id_lista WHERE l.nombre = 'TipoPersona' AND upper(lo.nombre) = upper('"&SUBSTITUTE(TRIM(H58),"'","''")&"') AND lo.estado = 1 LIMIT 1)")&", p_nombres => "&IF(TRIM(E58&"")="","NULL","'"&SUBSTITUTE(TRIM(E58),"'","''")&"'")&", p_apellido_paterno => "&IF(TRIM(F58&"")="","NULL","'"&SUBSTITUTE(TRIM(F58),"'","''")&"'")&", p_apellido_materno => "&IF(TRIM(G58&"")="","NULL","'"&SUBSTITUTE(TRIM(G58),"'","''")&"'")&", p_id_tipo_documento => "&IF(TRIM(B58&"")="","NULL","(SELECT lo.id FROM gen_lista_opciones lo JOIN gen_lista l ON l.id = lo.id_lista WHERE l.nombre = 'TipoDocumento' AND upper(lo.nombre) = upper('"&SUBSTITUTE(TRIM(B58),"'","''")&"') AND lo.estado = 1 LIMIT 1)")&", p_numero_documento => "&IF(TRIM(C58&"")="","NULL","'"&SUBSTITUTE(TRIM(C58),"'","''")&"'")&", p_telefono => "&IF(TRIM(L58&"")="","NULL","'"&SUBSTITUTE(TRIM(L58),"'","''")&"'")&", p_email => "&IF(TRIM(M58&"")="","NULL","'"&SUBSTITUTE(TRIM(M58),"'","''")&"'")&", p_observacion => "&IF(TRIM(O58&"")="","NULL","'"&SUBSTITUTE(TRIM(O58),"'","''")&"'")&", p_direccion => "&IF(TRIM(J58&"")="","NULL","'"&SUBSTITUTE(TRIM(J58),"'","''")&"'")&", p_referencia => "&IF(TRIM(K58&"")="","NULL","'"&SUBSTITUTE(TRIM(K58),"'","''")&"'")&") AS resultado_cliente_"&ROW()&";")
A59: =IF(AND(D59="",E59="",C59=""),"",IF(AND(D59="",E59=""),"FALTA razón social o nombres",IF(AND(C59<>"",SUMPRODUCT(--($C$5:$C$549=C59))>1),"DOCUMENTO DUPLICADO",IF(AND(B59="DNI",C59<>"",LEN(C59&"")<>8),"DNI debe tener 8 dígitos",IF(AND(B59="RUC",C59<>"",LEN(C59&"")<>11),"RUC debe tener 11 dígitos",IF(AND(N59<>"",SUMPRODUCT(--($N$5:$N$549=N59))>1),"CÓDIGO INTERNO DUPLICADO","OK")))))) | B59: RUC | C59: 20603383967 | D59: SERVICIOS Y CONSTRUCCION.IMESUR S.A.C. | H59: Persona Jurídica | I59: Cliente | P59: =IF(A59<>"OK","","SELECT cli_crear_clientes(p_codigo_interno => "&IF(TRIM(N59&"")="","NULL","'"&SUBSTITUTE(TRIM(N59),"'","''")&"'")&", p_razon_social => "&IF(TRIM(D59&"")="","NULL","'"&SUBSTITUTE(TRIM(D59),"'","''")&"'")&", p_id_tipo_cliente => "&IF(TRIM(I59&"")="","NULL","(SELECT lo.id FROM gen_lista_opciones lo JOIN gen_lista l ON l.id = lo.id_lista WHERE l.nombre = 'TipoCliente' AND upper(lo.nombre) = upper('"&SUBSTITUTE(TRIM(I59),"'","''")&"') AND lo.estado = 1 LIMIT 1)")&", p_id_tipo_persona => "&IF(TRIM(H59&"")="","NULL","(SELECT lo.id FROM gen_lista_opciones lo JOIN gen_lista l ON l.id = lo.id_lista WHERE l.nombre = 'TipoPersona' AND upper(lo.nombre) = upper('"&SUBSTITUTE(TRIM(H59),"'","''")&"') AND lo.estado = 1 LIMIT 1)")&", p_nombres => "&IF(TRIM(E59&"")="","NULL","'"&SUBSTITUTE(TRIM(E59),"'","''")&"'")&", p_apellido_paterno => "&IF(TRIM(F59&"")="","NULL","'"&SUBSTITUTE(TRIM(F59),"'","''")&"'")&", p_apellido_materno => "&IF(TRIM(G59&"")="","NULL","'"&SUBSTITUTE(TRIM(G59),"'","''")&"'")&", p_id_tipo_documento => "&IF(TRIM(B59&"")="","NULL","(SELECT lo.id FROM gen_lista_opciones lo JOIN gen_lista l ON l.id = lo.id_lista WHERE l.nombre = 'TipoDocumento' AND upper(lo.nombre) = upper('"&SUBSTITUTE(TRIM(B59),"'","''")&"') AND lo.estado = 1 LIMIT 1)")&", p_numero_documento => "&IF(TRIM(C59&"")="","NULL","'"&SUBSTITUTE(TRIM(C59),"'","''")&"'")&", p_telefono => "&IF(TRIM(L59&"")="","NULL","'"&SUBSTITUTE(TRIM(L59),"'","''")&"'")&", p_email => "&IF(TRIM(M59&"")="","NULL","'"&SUBSTITUTE(TRIM(M59),"'","''")&"'")&", p_observacion => "&IF(TRIM(O59&"")="","NULL","'"&SUBSTITUTE(TRIM(O59),"'","''")&"'")&", p_direccion => "&IF(TRIM(J59&"")="","NULL","'"&SUBSTITUTE(TRIM(J59),"'","''")&"'")&", p_referencia => "&IF(TRIM(K59&"")="","NULL","'"&SUBSTITUTE(TRIM(K59),"'","''")&"'")&") AS resultado_cliente_"&ROW()&";")
A60: =IF(AND(D60="",E60="",C60=""),"",IF(AND(D60="",E60=""),"FALTA razón social o nombres",IF(AND(C60<>"",SUMPRODUCT(--($C$5:$C$549=C60))>1),"DOCUMENTO DUPLICADO",IF(AND(B60="DNI",C60<>"",LEN(C60&"")<>8),"DNI debe tener 8 dígitos",IF(AND(B60="RUC",C60<>"",LEN(C60&"")<>11),"RUC debe tener 11 dígitos",IF(AND(N60<>"",SUMPRODUCT(--($N$5:$N$549=N60))>1),"CÓDIGO INTERNO DUPLICADO","OK")))))) | B60: RUC | C60: 20610025707 | D60: SEFABIN E.I.R.L. | H60: Persona Jurídica | I60: Cliente | P60: =IF(A60<>"OK","","SELECT cli_crear_clientes(p_codigo_interno => "&IF(TRIM(N60&"")="","NULL","'"&SUBSTITUTE(TRIM(N60),"'","''")&"'")&", p_razon_social => "&IF(TRIM(D60&"")="","NULL","'"&SUBSTITUTE(TRIM(D60),"'","''")&"'")&", p_id_tipo_cliente => "&IF(TRIM(I60&"")="","NULL","(SELECT lo.id FROM gen_lista_opciones lo JOIN gen_lista l ON l.id = lo.id_lista WHERE l.nombre = 'TipoCliente' AND upper(lo.nombre) = upper('"&SUBSTITUTE(TRIM(I60),"'","''")&"') AND lo.estado = 1 LIMIT 1)")&", p_id_tipo_persona => "&IF(TRIM(H60&"")="","NULL","(SELECT lo.id FROM gen_lista_opciones lo JOIN gen_lista l ON l.id = lo.id_lista WHERE l.nombre = 'TipoPersona' AND upper(lo.nombre) = upper('"&SUBSTITUTE(TRIM(H60),"'","''")&"') AND lo.estado = 1 LIMIT 1)")&", p_nombres => "&IF(TRIM(E60&"")="","NULL","'"&SUBSTITUTE(TRIM(E60),"'","''")&"'")&", p_apellido_paterno => "&IF(TRIM(F60&"")="","NULL","'"&SUBSTITUTE(TRIM(F60),"'","''")&"'")&", p_apellido_materno => "&IF(TRIM(G60&"")="","NULL","'"&SUBSTITUTE(TRIM(G60),"'","''")&"'")&", p_id_tipo_documento => "&IF(TRIM(B60&"")="","NULL","(SELECT lo.id FROM gen_lista_opciones lo JOIN gen_lista l ON l.id = lo.id_lista WHERE l.nombre = 'TipoDocumento' AND upper(lo.nombre) = upper('"&SUBSTITUTE(TRIM(B60),"'","''")&"') AND lo.estado = 1 LIMIT 1)")&", p_numero_documento => "&IF(TRIM(C60&"")="","NULL","'"&SUBSTITUTE(TRIM(C60),"'","''")&"'")&", p_telefono => "&IF(TRIM(L60&"")="","NULL","'"&SUBSTITUTE(TRIM(L60),"'","''")&"'")&", p_email => "&IF(TRIM(M60&"")="","NULL","'"&SUBSTITUTE(TRIM(M60),"'","''")&"'")&", p_observacion => "&IF(TRIM(O60&"")="","NULL","'"&SUBSTITUTE(TRIM(O60),"'","''")&"'")&", p_direccion => "&IF(TRIM(J60&"")="","NULL","'"&SUBSTITUTE(TRIM(J60),"'","''")&"'")&", p_referencia => "&IF(TRIM(K60&"")="","NULL","'"&SUBSTITUTE(TRIM(K60),"'","''")&"'")&") AS resultado_cliente_"&ROW()&";")
A61: =IF(AND(D61="",E61="",C61=""),"",IF(AND(D61="",E61=""),"FALTA razón social o nombres",IF(AND(C61<>"",SUMPRODUCT(--($C$5:$C$549=C61))>1),"DOCUMENTO DUPLICADO",IF(AND(B61="DNI",C61<>"",LEN(C61&"")<>8),"DNI debe tener 8 dígitos",IF(AND(B61="RUC",C61<>"",LEN(C61&"")<>11),"RUC debe tener 11 dígitos",IF(AND(N61<>"",SUMPRODUCT(--($N$5:$N$549=N61))>1),"CÓDIGO INTERNO DUPLICADO","OK")))))) | B61: RUC | C61: 20174513245 | D61: TRUCKS AND MOTORS DEL PERU S.A. CERRADA | H61: Persona Jurídica | I61: Cliente | J61: Lambayeque | P61: =IF(A61<>"OK","","SELECT cli_crear_clientes(p_codigo_interno => "&IF(TRIM(N61&"")="","NULL","'"&SUBSTITUTE(TRIM(N61),"'","''")&"'")&", p_razon_social => "&IF(TRIM(D61&"")="","NULL","'"&SUBSTITUTE(TRIM(D61),"'","''")&"'")&", p_id_tipo_cliente => "&IF(TRIM(I61&"")="","NULL","(SELECT lo.id FROM gen_lista_opciones lo JOIN gen_lista l ON l.id = lo.id_lista WHERE l.nombre = 'TipoCliente' AND upper(lo.nombre) = upper('"&SUBSTITUTE(TRIM(I61),"'","''")&"') AND lo.estado = 1 LIMIT 1)")&", p_id_tipo_persona => "&IF(TRIM(H61&"")="","NULL","(SELECT lo.id FROM gen_lista_opciones lo JOIN gen_lista l ON l.id = lo.id_lista WHERE l.nombre = 'TipoPersona' AND upper(lo.nombre) = upper('"&SUBSTITUTE(TRIM(H61),"'","''")&"') AND lo.estado = 1 LIMIT 1)")&", p_nombres => "&IF(TRIM(E61&"")="","NULL","'"&SUBSTITUTE(TRIM(E61),"'","''")&"'")&", p_apellido_paterno => "&IF(TRIM(F61&"")="","NULL","'"&SUBSTITUTE(TRIM(F61),"'","''")&"'")&", p_apellido_materno => "&IF(TRIM(G61&"")="","NULL","'"&SUBSTITUTE(TRIM(G61),"'","''")&"'")&", p_id_tipo_documento => "&IF(TRIM(B61&"")="","NULL","(SELECT lo.id FROM gen_lista_opciones lo JOIN gen_lista l ON l.id = lo.id_lista WHERE l.nombre = 'TipoDocumento' AND upper(lo.nombre) = upper('"&SUBSTITUTE(TRIM(B61),"'","''")&"') AND lo.estado = 1 LIMIT 1)")&", p_numero_documento => "&IF(TRIM(C61&"")="","NULL","'"&SUBSTITUTE(TRIM(C61),"'","''")&"'")&", p_telefono => "&IF(TRIM(L61&"")="","NULL","'"&SUBSTITUTE(TRIM(L61),"'","''")&"'")&", p_email => "&IF(TRIM(M61&"")="","NULL","'"&SUBSTITUTE(TRIM(M61),"'","''")&"'")&", p_observacion => "&IF(TRIM(O61&"")="","NULL","'"&SUBSTITUTE(TRIM(O61),"'","''")&"'")&", p_direccion => "&IF(TRIM(J61&"")="","NULL","'"&SUBSTITUTE(TRIM(J61),"'","''")&"'")&", p_referencia => "&IF(TRIM(K61&"")="","NULL","'"&SUBSTITUTE(TRIM(K61),"'","''")&"'")&") AS resultado_cliente_"&ROW()&";")
A62: =IF(AND(D62="",E62="",C62=""),"",IF(AND(D62="",E62=""),"FALTA razón social o nombres",IF(AND(C62<>"",SUMPRODUCT(--($C$5:$C$549=C62))>1),"DOCUMENTO DUPLICADO",IF(AND(B62="DNI",C62<>"",LEN(C62&"")<>8),"DNI debe tener 8 dígitos",IF(AND(B62="RUC",C62<>"",LEN(C62&"")<>11),"RUC debe tener 11 dígitos",IF(AND(N62<>"",SUMPRODUCT(--($N$5:$N$549=N62))>1),"CÓDIGO INTERNO DUPLICADO","OK")))))) | B62: RUC | C62: 20480319860 | D62: V & F SAC | H62: Persona Jurídica | I62: Cliente | P62: =IF(A62<>"OK","","SELECT cli_crear_clientes(p_codigo_interno => "&IF(TRIM(N62&"")="","NULL","'"&SUBSTITUTE(TRIM(N62),"'","''")&"'")&", p_razon_social => "&IF(TRIM(D62&"")="","NULL","'"&SUBSTITUTE(TRIM(D62),"'","''")&"'")&", p_id_tipo_cliente => "&IF(TRIM(I62&"")="","NULL","(SELECT lo.id FROM gen_lista_opciones lo JOIN gen_lista l ON l.id = lo.id_lista WHERE l.nombre = 'TipoCliente' AND upper(lo.nombre) = upper('"&SUBSTITUTE(TRIM(I62),"'","''")&"') AND lo.estado = 1 LIMIT 1)")&", p_id_tipo_persona => "&IF(TRIM(H62&"")="","NULL","(SELECT lo.id FROM gen_lista_opciones lo JOIN gen_lista l ON l.id = lo.id_lista WHERE l.nombre = 'TipoPersona' AND upper(lo.nombre) = upper('"&SUBSTITUTE(TRIM(H62),"'","''")&"') AND lo.estado = 1 LIMIT 1)")&", p_nombres => "&IF(TRIM(E62&"")="","NULL","'"&SUBSTITUTE(TRIM(E62),"'","''")&"'")&", p_apellido_paterno => "&IF(TRIM(F62&"")="","NULL","'"&SUBSTITUTE(TRIM(F62),"'","''")&"'")&", p_apellido_materno => "&IF(TRIM(G62&"")="","NULL","'"&SUBSTITUTE(TRIM(G62),"'","''")&"'")&", p_id_tipo_documento => "&IF(TRIM(B62&"")="","NULL","(SELECT lo.id FROM gen_lista_opciones lo JOIN gen_lista l ON l.id = lo.id_lista WHERE l.nombre = 'TipoDocumento' AND upper(lo.nombre) = upper('"&SUBSTITUTE(TRIM(B62),"'","''")&"') AND lo.estado = 1 LIMIT 1)")&", p_numero_documento => "&IF(TRIM(C62&"")="","NULL","'"&SUBSTITUTE(TRIM(C62),"'","''")&"'")&", p_telefono => "&IF(TRIM(L62&"")="","NULL","'"&SUBSTITUTE(TRIM(L62),"'","''")&"'")&", p_email => "&IF(TRIM(M62&"")="","NULL","'"&SUBSTITUTE(TRIM(M62),"'","''")&"'")&", p_observacion => "&IF(TRIM(O62&"")="","NULL","'"&SUBSTITUTE(TRIM(O62),"'","''")&"'")&", p_direccion => "&IF(TRIM(J62&"")="","NULL","'"&SUBSTITUTE(TRIM(J62),"'","''")&"'")&", p_referencia => "&IF(TRIM(K62&"")="","NULL","'"&SUBSTITUTE(TRIM(K62),"'","''")&"'")&") AS resultado_cliente_"&ROW()&";")
A63: =IF(AND(D63="",E63="",C63=""),"",IF(AND(D63="",E63=""),"FALTA razón social o nombres",IF(AND(C63<>"",SUMPRODUCT(--($C$5:$C$549=C63))>1),"DOCUMENTO DUPLICADO",IF(AND(B63="DNI",C63<>"",LEN(C63&"")<>8),"DNI debe tener 8 dígitos",IF(AND(B63="RUC",C63<>"",LEN(C63&"")<>11),"RUC debe tener 11 dígitos",IF(AND(N63<>"",SUMPRODUCT(--($N$5:$N$549=N63))>1),"CÓDIGO INTERNO DUPLICADO","OK")))))) | B63: SD | C63: 000001 | E63: TANANTA | F63: TANANTA | G63: TANANTA | H63: Persona Natural | I63: Cliente | P63: =IF(A63<>"OK","","SELECT cli_crear_clientes(p_codigo_interno => "&IF(TRIM(N63&"")="","NULL","'"&SUBSTITUTE(TRIM(N63),"'","''")&"'")&", p_razon_social => "&IF(TRIM(D63&"")="","NULL","'"&SUBSTITUTE(TRIM(D63),"'","''")&"'")&", p_id_tipo_cliente => "&IF(TRIM(I63&"")="","NULL","(SELECT lo.id FROM gen_lista_opciones lo JOIN gen_lista l ON l.id = lo.id_lista WHERE l.nombre = 'TipoCliente' AND upper(lo.nombre) = upper('"&SUBSTITUTE(TRIM(I63),"'","''")&"') AND lo.estado = 1 LIMIT 1)")&", p_id_tipo_persona => "&IF(TRIM(H63&"")="","NULL","(SELECT lo.id FROM gen_lista_opciones lo JOIN gen_lista l ON l.id = lo.id_lista WHERE l.nombre = 'TipoPersona' AND upper(lo.nombre) = upper('"&SUBSTITUTE(TRIM(H63),"'","''")&"') AND lo.estado = 1 LIMIT 1)")&", p_nombres => "&IF(TRIM(E63&"")="","NULL","'"&SUBSTITUTE(TRIM(E63),"'","''")&"'")&", p_apellido_paterno => "&IF(TRIM(F63&"")="","NULL","'"&SUBSTITUTE(TRIM(F63),"'","''")&"'")&", p_apellido_materno => "&IF(TRIM(G63&"")="","NULL","'"&SUBSTITUTE(TRIM(G63),"'","''")&"'")&", p_id_tipo_documento => "&IF(TRIM(B63&"")="","NULL","(SELECT lo.id FROM gen_lista_opciones lo JOIN gen_lista l ON l.id = lo.id_lista WHERE l.nombre = 'TipoDocumento' AND upper(lo.nombre) = upper('"&SUBSTITUTE(TRIM(B63),"'","''")&"') AND lo.estado = 1 LIMIT 1)")&", p_numero_documento => "&IF(TRIM(C63&"")="","NULL","'"&SUBSTITUTE(TRIM(C63),"'","''")&"'")&", p_telefono => "&IF(TRIM(L63&"")="","NULL","'"&SUBSTITUTE(TRIM(L63),"'","''")&"'")&", p_email => "&IF(TRIM(M63&"")="","NULL","'"&SUBSTITUTE(TRIM(M63),"'","''")&"'")&", p_observacion => "&IF(TRIM(O63&"")="","NULL","'"&SUBSTITUTE(TRIM(O63),"'","''")&"'")&", p_direccion => "&IF(TRIM(J63&"")="","NULL","'"&SUBSTITUTE(TRIM(J63),"'","''")&"'")&", p_referencia => "&IF(TRIM(K63&"")="","NULL","'"&SUBSTITUTE(TRIM(K63),"'","''")&"'")&") AS resultado_cliente_"&ROW()&";")
A64: =IF(AND(D64="",E64="",C64=""),"",IF(AND(D64="",E64=""),"FALTA razón social o nombres",IF(AND(C64<>"",SUMPRODUCT(--($C$5:$C$549=C64))>1),"DOCUMENTO DUPLICADO",IF(AND(B64="DNI",C64<>"",LEN(C64&"")<>8),"DNI debe tener 8 dígitos",IF(AND(B64="RUC",C64<>"",LEN(C64&"")<>11),"RUC debe tener 11 dígitos",IF(AND(N64<>"",SUMPRODUCT(--($N$5:$N$549=N64))>1),"CÓDIGO INTERNO DUPLICADO","OK")))))) | B64: RUC | C64: 20615458440 | D64: VICOLUX INGENIERIA Y CONSTRUCCION SOCIEDAD ANONIMA CERRADA | H64: Persona Jurídica | I64: Cliente | P64: =IF(A64<>"OK","","SELECT cli_crear_clientes(p_codigo_interno => "&IF(TRIM(N64&"")="","NULL","'"&SUBSTITUTE(TRIM(N64),"'","''")&"'")&", p_razon_social => "&IF(TRIM(D64&"")="","NULL","'"&SUBSTITUTE(TRIM(D64),"'","''")&"'")&", p_id_tipo_cliente => "&IF(TRIM(I64&"")="","NULL","(SELECT lo.id FROM gen_lista_opciones lo JOIN gen_lista l ON l.id = lo.id_lista WHERE l.nombre = 'TipoCliente' AND upper(lo.nombre) = upper('"&SUBSTITUTE(TRIM(I64),"'","''")&"') AND lo.estado = 1 LIMIT 1)")&", p_id_tipo_persona => "&IF(TRIM(H64&"")="","NULL","(SELECT lo.id FROM gen_lista_opciones lo JOIN gen_lista l ON l.id = lo.id_lista WHERE l.nombre = 'TipoPersona' AND upper(lo.nombre) = upper('"&SUBSTITUTE(TRIM(H64),"'","''")&"') AND lo.estado = 1 LIMIT 1)")&", p_nombres => "&IF(TRIM(E64&"")="","NULL","'"&SUBSTITUTE(TRIM(E64),"'","''")&"'")&", p_apellido_paterno => "&IF(TRIM(F64&"")="","NULL","'"&SUBSTITUTE(TRIM(F64),"'","''")&"'")&", p_apellido_materno => "&IF(TRIM(G64&"")="","NULL","'"&SUBSTITUTE(TRIM(G64),"'","''")&"'")&", p_id_tipo_documento => "&IF(TRIM(B64&"")="","NULL","(SELECT lo.id FROM gen_lista_opciones lo JOIN gen_lista l ON l.id = lo.id_lista WHERE l.nombre = 'TipoDocumento' AND upper(lo.nombre) = upper('"&SUBSTITUTE(TRIM(B64),"'","''")&"') AND lo.estado = 1 LIMIT 1)")&", p_numero_documento => "&IF(TRIM(C64&"")="","NULL","'"&SUBSTITUTE(TRIM(C64),"'","''")&"'")&", p_telefono => "&IF(TRIM(L64&"")="","NULL","'"&SUBSTITUTE(TRIM(L64),"'","''")&"'")&", p_email => "&IF(TRIM(M64&"")="","NULL","'"&SUBSTITUTE(TRIM(M64),"'","''")&"'")&", p_observacion => "&IF(TRIM(O64&"")="","NULL","'"&SUBSTITUTE(TRIM(O64),"'","''")&"'")&", p_direccion => "&IF(TRIM(J64&"")="","NULL","'"&SUBSTITUTE(TRIM(J64),"'","''")&"'")&", p_referencia => "&IF(TRIM(K64&"")="","NULL","'"&SUBSTITUTE(TRIM(K64),"'","''")&"'")&") AS resultado_cliente_"&ROW()&";")
A65: =IF(AND(D65="",E65="",C65=""),"",IF(AND(D65="",E65=""),"FALTA razón social o nombres",IF(AND(C65<>"",SUMPRODUCT(--($C$5:$C$549=C65))>1),"DOCUMENTO DUPLICADO",IF(AND(B65="DNI",C65<>"",LEN(C65&"")<>8),"DNI debe tener 8 dígitos",IF(AND(B65="RUC",C65<>"",LEN(C65&"")<>11),"RUC debe tener 11 dígitos",IF(AND(N65<>"",SUMPRODUCT(--($N$5:$N$549=N65))>1),"CÓDIGO INTERNO DUPLICADO","OK")))))) | B65: RUC | C65: 20461642706 | D65: AGRICOLA CERRO PRIETO S.A. | H65: Persona Jurídica | I65: Cliente | P65: =IF(A65<>"OK","","SELECT cli_crear_clientes(p_codigo_interno => "&IF(TRIM(N65&"")="","NULL","'"&SUBSTITUTE(TRIM(N65),"'","''")&"'")&", p_razon_social => "&IF(TRIM(D65&"")="","NULL","'"&SUBSTITUTE(TRIM(D65),"'","''")&"'")&", p_id_tipo_cliente => "&IF(TRIM(I65&"")="","NULL","(SELECT lo.id FROM gen_lista_opciones lo JOIN gen_lista l ON l.id = lo.id_lista WHERE l.nombre = 'TipoCliente' AND upper(lo.nombre) = upper('"&SUBSTITUTE(TRIM(I65),"'","''")&"') AND lo.estado = 1 LIMIT 1)")&", p_id_tipo_persona => "&IF(TRIM(H65&"")="","NULL","(SELECT lo.id FROM gen_lista_opciones lo JOIN gen_lista l ON l.id = lo.id_lista WHERE l.nombre = 'TipoPersona' AND upper(lo.nombre) = upper('"&SUBSTITUTE(TRIM(H65),"'","''")&"') AND lo.estado = 1 LIMIT 1)")&", p_nombres => "&IF(TRIM(E65&"")="","NULL","'"&SUBSTITUTE(TRIM(E65),"'","''")&"'")&", p_apellido_paterno => "&IF(TRIM(F65&"")="","NULL","'"&SUBSTITUTE(TRIM(F65),"'","''")&"'")&", p_apellido_materno => "&IF(TRIM(G65&"")="","NULL","'"&SUBSTITUTE(TRIM(G65),"'","''")&"'")&", p_id_tipo_documento => "&IF(TRIM(B65&"")="","NULL","(SELECT lo.id FROM gen_lista_opciones lo JOIN gen_lista l ON l.id = lo.id_lista WHERE l.nombre = 'TipoDocumento' AND upper(lo.nombre) = upper('"&SUBSTITUTE(TRIM(B65),"'","''")&"') AND lo.estado = 1 LIMIT 1)")&", p_numero_documento => "&IF(TRIM(C65&"")="","NULL","'"&SUBSTITUTE(TRIM(C65),"'","''")&"'")&", p_telefono => "&IF(TRIM(L65&"")="","NULL","'"&SUBSTITUTE(TRIM(L65),"'","''")&"'")&", p_email => "&IF(TRIM(M65&"")="","NULL","'"&SUBSTITUTE(TRIM(M65),"'","''")&"'")&", p_observacion => "&IF(TRIM(O65&"")="","NULL","'"&SUBSTITUTE(TRIM(O65),"'","''")&"'")&", p_direccion => "&IF(TRIM(J65&"")="","NULL","'"&SUBSTITUTE(TRIM(J65),"'","''")&"'")&", p_referencia => "&IF(TRIM(K65&"")="","NULL","'"&SUBSTITUTE(TRIM(K65),"'","''")&"'")&") AS resultado_cliente_"&ROW()&";")
A66: =IF(AND(D66="",E66="",C66=""),"",IF(AND(D66="",E66=""),"FALTA razón social o nombres",IF(AND(C66<>"",SUMPRODUCT(--($C$5:$C$549=C66))>1),"DOCUMENTO DUPLICADO",IF(AND(B66="DNI",C66<>"",LEN(C66&"")<>8),"DNI debe tener 8 dígitos",IF(AND(B66="RUC",C66<>"",LEN(C66&"")<>11),"RUC debe tener 11 dígitos",IF(AND(N66<>"",SUMPRODUCT(--($N$5:$N$549=N66))>1),"CÓDIGO INTERNO DUPLICADO","OK")))))) | B66: RUC | C66: 10190310839 | D66: VIDAL MINCHOLA HILDER FANOR | H66: Persona Jurídica | I66: Cliente | P66: =IF(A66<>"OK","","SELECT cli_crear_clientes(p_codigo_interno => "&IF(TRIM(N66&"")="","NULL","'"&SUBSTITUTE(TRIM(N66),"'","''")&"'")&", p_razon_social => "&IF(TRIM(D66&"")="","NULL","'"&SUBSTITUTE(TRIM(D66),"'","''")&"'")&", p_id_tipo_cliente => "&IF(TRIM(I66&"")="","NULL","(SELECT lo.id FROM gen_lista_opciones lo JOIN gen_lista l ON l.id = lo.id_lista WHERE l.nombre = 'TipoCliente' AND upper(lo.nombre) = upper('"&SUBSTITUTE(TRIM(I66),"'","''")&"') AND lo.estado = 1 LIMIT 1)")&", p_id_tipo_persona => "&IF(TRIM(H66&"")="","NULL","(SELECT lo.id FROM gen_lista_opciones lo JOIN gen_lista l ON l.id = lo.id_lista WHERE l.nombre = 'TipoPersona' AND upper(lo.nombre) = upper('"&SUBSTITUTE(TRIM(H66),"'","''")&"') AND lo.estado = 1 LIMIT 1)")&", p_nombres => "&IF(TRIM(E66&"")="","NULL","'"&SUBSTITUTE(TRIM(E66),"'","''")&"'")&", p_apellido_paterno => "&IF(TRIM(F66&"")="","NULL","'"&SUBSTITUTE(TRIM(F66),"'","''")&"'")&", p_apellido_materno => "&IF(TRIM(G66&"")="","NULL","'"&SUBSTITUTE(TRIM(G66),"'","''")&"'")&", p_id_tipo_documento => "&IF(TRIM(B66&"")="","NULL","(SELECT lo.id FROM gen_lista_opciones lo JOIN gen_lista l ON l.id = lo.id_lista WHERE l.nombre = 'TipoDocumento' AND upper(lo.nombre) = upper('"&SUBSTITUTE(TRIM(B66),"'","''")&"') AND lo.estado = 1 LIMIT 1)")&", p_numero_documento => "&IF(TRIM(C66&"")="","NULL","'"&SUBSTITUTE(TRIM(C66),"'","''")&"'")&", p_telefono => "&IF(TRIM(L66&"")="","NULL","'"&SUBSTITUTE(TRIM(L66),"'","''")&"'")&", p_email => "&IF(TRIM(M66&"")="","NULL","'"&SUBSTITUTE(TRIM(M66),"'","''")&"'")&", p_observacion => "&IF(TRIM(O66&"")="","NULL","'"&SUBSTITUTE(TRIM(O66),"'","''")&"'")&", p_direccion => "&IF(TRIM(J66&"")="","NULL","'"&SUBSTITUTE(TRIM(J66),"'","''")&"'")&", p_referencia => "&IF(TRIM(K66&"")="","NULL","'"&SUBSTITUTE(TRIM(K66),"'","''")&"'")&") AS resultado_cliente_"&ROW()&";")
A67: =IF(AND(D67="",E67="",C67=""),"",IF(AND(D67="",E67=""),"FALTA razón social o nombres",IF(AND(C67<>"",SUMPRODUCT(--($C$5:$C$549=C67))>1),"DOCUMENTO DUPLICADO",IF(AND(B67="DNI",C67<>"",LEN(C67&"")<>8),"DNI debe tener 8 dígitos",IF(AND(B67="RUC",C67<>"",LEN(C67&"")<>11),"RUC debe tener 11 dígitos",IF(AND(N67<>"",SUMPRODUCT(--($N$5:$N$549=N67))>1),"CÓDIGO INTERNO DUPLICADO","OK")))))) | B67: RUC | C67: 10440281074 | D67: VISUETA YACILA LUIS FREDERICK | H67: Persona Jurídica | I67: Cliente | P67: =IF(A67<>"OK","","SELECT cli_crear_clientes(p_codigo_interno => "&IF(TRIM(N67&"")="","NULL","'"&SUBSTITUTE(TRIM(N67),"'","''")&"'")&", p_razon_social => "&IF(TRIM(D67&"")="","NULL","'"&SUBSTITUTE(TRIM(D67),"'","''")&"'")&", p_id_tipo_cliente => "&IF(TRIM(I67&"")="","NULL","(SELECT lo.id FROM gen_lista_opciones lo JOIN gen_lista l ON l.id = lo.id_lista WHERE l.nombre = 'TipoCliente' AND upper(lo.nombre) = upper('"&SUBSTITUTE(TRIM(I67),"'","''")&"') AND lo.estado = 1 LIMIT 1)")&", p_id_tipo_persona => "&IF(TRIM(H67&"")="","NULL","(SELECT lo.id FROM gen_lista_opciones lo JOIN gen_lista l ON l.id = lo.id_lista WHERE l.nombre = 'TipoPersona' AND upper(lo.nombre) = upper('"&SUBSTITUTE(TRIM(H67),"'","''")&"') AND lo.estado = 1 LIMIT 1)")&", p_nombres => "&IF(TRIM(E67&"")="","NULL","'"&SUBSTITUTE(TRIM(E67),"'","''")&"'")&", p_apellido_paterno => "&IF(TRIM(F67&"")="","NULL","'"&SUBSTITUTE(TRIM(F67),"'","''")&"'")&", p_apellido_materno => "&IF(TRIM(G67&"")="","NULL","'"&SUBSTITUTE(TRIM(G67),"'","''")&"'")&", p_id_tipo_documento => "&IF(TRIM(B67&"")="","NULL","(SELECT lo.id FROM gen_lista_opciones lo JOIN gen_lista l ON l.id = lo.id_lista WHERE l.nombre = 'TipoDocumento' AND upper(lo.nombre) = upper('"&SUBSTITUTE(TRIM(B67),"'","''")&"') AND lo.estado = 1 LIMIT 1)")&", p_numero_documento => "&IF(TRIM(C67&"")="","NULL","'"&SUBSTITUTE(TRIM(C67),"'","''")&"'")&", p_telefono => "&IF(TRIM(L67&"")="","NULL","'"&SUBSTITUTE(TRIM(L67),"'","''")&"'")&", p_email => "&IF(TRIM(M67&"")="","NULL","'"&SUBSTITUTE(TRIM(M67),"'","''")&"'")&", p_observacion => "&IF(TRIM(O67&"")="","NULL","'"&SUBSTITUTE(TRIM(O67),"'","''")&"'")&", p_direccion => "&IF(TRIM(J67&"")="","NULL","'"&SUBSTITUTE(TRIM(J67),"'","''")&"'")&", p_referencia => "&IF(TRIM(K67&"")="","NULL","'"&SUBSTITUTE(TRIM(K67),"'","''")&"'")&") AS resultado_cliente_"&ROW()&";")
A68: =IF(AND(D68="",E68="",C68=""),"",IF(AND(D68="",E68=""),"FALTA razón social o nombres",IF(AND(C68<>"",SUMPRODUCT(--($C$5:$C$549=C68))>1),"DOCUMENTO DUPLICADO",IF(AND(B68="DNI",C68<>"",LEN(C68&"")<>8),"DNI debe tener 8 dígitos",IF(AND(B68="RUC",C68<>"",LEN(C68&"")<>11),"RUC debe tener 11 dígitos",IF(AND(N68<>"",SUMPRODUCT(--($N$5:$N$549=N68))>1),"CÓDIGO INTERNO DUPLICADO","OK")))))) | B68: DNI | C68: 44556460 | E68: JUNIOR ESTIGUAR | F68: SANCHEZ | G68: DIAZ | H68: Persona Natural | I68: Cliente | P68: =IF(A68<>"OK","","SELECT cli_crear_clientes(p_codigo_interno => "&IF(TRIM(N68&"")="","NULL","'"&SUBSTITUTE(TRIM(N68),"'","''")&"'")&", p_razon_social => "&IF(TRIM(D68&"")="","NULL","'"&SUBSTITUTE(TRIM(D68),"'","''")&"'")&", p_id_tipo_cliente => "&IF(TRIM(I68&"")="","NULL","(SELECT lo.id FROM gen_lista_opciones lo JOIN gen_lista l ON l.id = lo.id_lista WHERE l.nombre = 'TipoCliente' AND upper(lo.nombre) = upper('"&SUBSTITUTE(TRIM(I68),"'","''")&"') AND lo.estado = 1 LIMIT 1)")&", p_id_tipo_persona => "&IF(TRIM(H68&"")="","NULL","(SELECT lo.id FROM gen_lista_opciones lo JOIN gen_lista l ON l.id = lo.id_lista WHERE l.nombre = 'TipoPersona' AND upper(lo.nombre) = upper('"&SUBSTITUTE(TRIM(H68),"'","''")&"') AND lo.estado = 1 LIMIT 1)")&", p_nombres => "&IF(TRIM(E68&"")="","NULL","'"&SUBSTITUTE(TRIM(E68),"'","''")&"'")&", p_apellido_paterno => "&IF(TRIM(F68&"")="","NULL","'"&SUBSTITUTE(TRIM(F68),"'","''")&"'")&", p_apellido_materno => "&IF(TRIM(G68&"")="","NULL","'"&SUBSTITUTE(TRIM(G68),"'","''")&"'")&", p_id_tipo_documento => "&IF(TRIM(B68&"")="","NULL","(SELECT lo.id FROM gen_lista_opciones lo JOIN gen_lista l ON l.id = lo.id_lista WHERE l.nombre = 'TipoDocumento' AND upper(lo.nombre) = upper('"&SUBSTITUTE(TRIM(B68),"'","''")&"') AND lo.estado = 1 LIMIT 1)")&", p_numero_documento => "&IF(TRIM(C68&"")="","NULL","'"&SUBSTITUTE(TRIM(C68),"'","''")&"'")&", p_telefono => "&IF(TRIM(L68&"")="","NULL","'"&SUBSTITUTE(TRIM(L68),"'","''")&"'")&", p_email => "&IF(TRIM(M68&"")="","NULL","'"&SUBSTITUTE(TRIM(M68),"'","''")&"'")&", p_observacion => "&IF(TRIM(O68&"")="","NULL","'"&SUBSTITUTE(TRIM(O68),"'","''")&"'")&", p_direccion => "&IF(TRIM(J68&"")="","NULL","'"&SUBSTITUTE(TRIM(J68),"'","''")&"'")&", p_referencia => "&IF(TRIM(K68&"")="","NULL","'"&SUBSTITUTE(TRIM(K68),"'","''")&"'")&") AS resultado_cliente_"&ROW()&";")
A69: =IF(AND(D69="",E69="",C69=""),"",IF(AND(D69="",E69=""),"FALTA razón social o nombres",IF(AND(C69<>"",SUMPRODUCT(--($C$5:$C$549=C69))>1),"DOCUMENTO DUPLICADO",IF(AND(B69="DNI",C69<>"",LEN(C69&"")<>8),"DNI debe tener 8 dígitos",IF(AND(B69="RUC",C69<>"",LEN(C69&"")<>11),"RUC debe tener 11 dígitos",IF(AND(N69<>"",SUMPRODUCT(--($N$5:$N$549=N69))>1),"CÓDIGO INTERNO DUPLICADO","OK")))))) | B69: RUC | C69: 10483897940 | D69: ZARATE GALLARDO WILLIAM | H69: Persona Jurídica | I69: Cliente | P69: =IF(A69<>"OK","","SELECT cli_crear_clientes(p_codigo_interno => "&IF(TRIM(N69&"")="","NULL","'"&SUBSTITUTE(TRIM(N69),"'","''")&"'")&", p_razon_social => "&IF(TRIM(D69&"")="","NULL","'"&SUBSTITUTE(TRIM(D69),"'","''")&"'")&", p_id_tipo_cliente => "&IF(TRIM(I69&"")="","NULL","(SELECT lo.id FROM gen_lista_opciones lo JOIN gen_lista l ON l.id = lo.id_lista WHERE l.nombre = 'TipoCliente' AND upper(lo.nombre) = upper('"&SUBSTITUTE(TRIM(I69),"'","''")&"') AND lo.estado = 1 LIMIT 1)")&", p_id_tipo_persona => "&IF(TRIM(H69&"")="","NULL","(SELECT lo.id FROM gen_lista_opciones lo JOIN gen_lista l ON l.id = lo.id_lista WHERE l.nombre = 'TipoPersona' AND upper(lo.nombre) = upper('"&SUBSTITUTE(TRIM(H69),"'","''")&"') AND lo.estado = 1 LIMIT 1)")&", p_nombres => "&IF(TRIM(E69&"")="","NULL","'"&SUBSTITUTE(TRIM(E69),"'","''")&"'")&", p_apellido_paterno => "&IF(TRIM(F69&"")="","NULL","'"&SUBSTITUTE(TRIM(F69),"'","''")&"'")&", p_apellido_materno => "&IF(TRIM(G69&"")="","NULL","'"&SUBSTITUTE(TRIM(G69),"'","''")&"'")&", p_id_tipo_documento => "&IF(TRIM(B69&"")="","NULL","(SELECT lo.id FROM gen_lista_opciones lo JOIN gen_lista l ON l.id = lo.id_lista WHERE l.nombre = 'TipoDocumento' AND upper(lo.nombre) = upper('"&SUBSTITUTE(TRIM(B69),"'","''")&"') AND lo.estado = 1 LIMIT 1)")&", p_numero_documento => "&IF(TRIM(C69&"")="","NULL","'"&SUBSTITUTE(TRIM(C69),"'","''")&"'")&", p_telefono => "&IF(TRIM(L69&"")="","NULL","'"&SUBSTITUTE(TRIM(L69),"'","''")&"'")&", p_email => "&IF(TRIM(M69&"")="","NULL","'"&SUBSTITUTE(TRIM(M69),"'","''")&"'")&", p_observacion => "&IF(TRIM(O69&"")="","NULL","'"&SUBSTITUTE(TRIM(O69),"'","''")&"'")&", p_direccion => "&IF(TRIM(J69&"")="","NULL","'"&SUBSTITUTE(TRIM(J69),"'","''")&"'")&", p_referencia => "&IF(TRIM(K69&"")="","NULL","'"&SUBSTITUTE(TRIM(K69),"'","''")&"'")&") AS resultado_cliente_"&ROW()&";")
A70: =IF(AND(D70="",E70="",C70=""),"",IF(AND(D70="",E70=""),"FALTA razón social o nombres",IF(AND(C70<>"",SUMPRODUCT(--($C$5:$C$549=C70))>1),"DOCUMENTO DUPLICADO",IF(AND(B70="DNI",C70<>"",LEN(C70&"")<>8),"DNI debe tener 8 dígitos",IF(AND(B70="RUC",C70<>"",LEN(C70&"")<>11),"RUC debe tener 11 dígitos",IF(AND(N70<>"",SUMPRODUCT(--($N$5:$N$549=N70))>1),"CÓDIGO INTERNO DUPLICADO","OK")))))) | B70: RUC | C70: 20610651691 | D70: ZONA CAR CHICLAYO S.A.C. | H70: Persona Jurídica | I70: Cliente | P70: =IF(A70<>"OK","","SELECT cli_crear_clientes(p_codigo_interno => "&IF(TRIM(N70&"")="","NULL","'"&SUBSTITUTE(TRIM(N70),"'","''")&"'")&", p_razon_social => "&IF(TRIM(D70&"")="","NULL","'"&SUBSTITUTE(TRIM(D70),"'","''")&"'")&", p_id_tipo_cliente => "&IF(TRIM(I70&"")="","NULL","(SELECT lo.id FROM gen_lista_opciones lo JOIN gen_lista l ON l.id = lo.id_lista WHERE l.nombre = 'TipoCliente' AND upper(lo.nombre) = upper('"&SUBSTITUTE(TRIM(I70),"'","''")&"') AND lo.estado = 1 LIMIT 1)")&", p_id_tipo_persona => "&IF(TRIM(H70&"")="","NULL","(SELECT lo.id FROM gen_lista_opciones lo JOIN gen_lista l ON l.id = lo.id_lista WHERE l.nombre = 'TipoPersona' AND upper(lo.nombre) = upper('"&SUBSTITUTE(TRIM(H70),"'","''")&"') AND lo.estado = 1 LIMIT 1)")&", p_nombres => "&IF(TRIM(E70&"")="","NULL","'"&SUBSTITUTE(TRIM(E70),"'","''")&"'")&", p_apellido_paterno => "&IF(TRIM(F70&"")="","NULL","'"&SUBSTITUTE(TRIM(F70),"'","''")&"'")&", p_apellido_materno => "&IF(TRIM(G70&"")="","NULL","'"&SUBSTITUTE(TRIM(G70),"'","''")&"'")&", p_id_tipo_documento => "&IF(TRIM(B70&"")="","NULL","(SELECT lo.id FROM gen_lista_opciones lo JOIN gen_lista l ON l.id = lo.id_lista WHERE l.nombre = 'TipoDocumento' AND upper(lo.nombre) = upper('"&SUBSTITUTE(TRIM(B70),"'","''")&"') AND lo.estado = 1 LIMIT 1)")&", p_numero_documento => "&IF(TRIM(C70&"")="","NULL","'"&SUBSTITUTE(TRIM(C70),"'","''")&"'")&", p_telefono => "&IF(TRIM(L70&"")="","NULL","'"&SUBSTITUTE(TRIM(L70),"'","''")&"'")&", p_email => "&IF(TRIM(M70&"")="","NULL","'"&SUBSTITUTE(TRIM(M70),"'","''")&"'")&", p_observacion => "&IF(TRIM(O70&"")="","NULL","'"&SUBSTITUTE(TRIM(O70),"'","''")&"'")&", p_direccion => "&IF(TRIM(J70&"")="","NULL","'"&SUBSTITUTE(TRIM(J70),"'","''")&"'")&", p_referencia => "&IF(TRIM(K70&"")="","NULL","'"&SUBSTITUTE(TRIM(K70),"'","''")&"'")&") AS resultado_cliente_"&ROW()&";")
A71: =IF(AND(D71="",E71="",C71=""),"",IF(AND(D71="",E71=""),"FALTA razón social o nombres",IF(AND(C71<>"",SUMPRODUCT(--($C$5:$C$549=C71))>1),"DOCUMENTO DUPLICADO",IF(AND(B71="DNI",C71<>"",LEN(C71&"")<>8),"DNI debe tener 8 dígitos",IF(AND(B71="RUC",C71<>"",LEN(C71&"")<>11),"RUC debe tener 11 dígitos",IF(AND(N71<>"",SUMPRODUCT(--($N$5:$N$549=N71))>1),"CÓDIGO INTERNO DUPLICADO","OK")))))) | B71: SD | C71: 000002 | E71: JOSE | F71: CASTILLO | G71: COBEÑAS | H71: Persona Natural | I71: Cliente | P71: =IF(A71<>"OK","","SELECT cli_crear_clientes(p_codigo_interno => "&IF(TRIM(N71&"")="","NULL","'"&SUBSTITUTE(TRIM(N71),"'","''")&"'")&", p_razon_social => "&IF(TRIM(D71&"")="","NULL","'"&SUBSTITUTE(TRIM(D71),"'","''")&"'")&", p_id_tipo_cliente => "&IF(TRIM(I71&"")="","NULL","(SELECT lo.id FROM gen_lista_opciones lo JOIN gen_lista l ON l.id = lo.id_lista WHERE l.nombre = 'TipoCliente' AND upper(lo.nombre) = upper('"&SUBSTITUTE(TRIM(I71),"'","''")&"') AND lo.estado = 1 LIMIT 1)")&", p_id_tipo_persona => "&IF(TRIM(H71&"")="","NULL","(SELECT lo.id FROM gen_lista_opciones lo JOIN gen_lista l ON l.id = lo.id_lista WHERE l.nombre = 'TipoPersona' AND upper(lo.nombre) = upper('"&SUBSTITUTE(TRIM(H71),"'","''")&"') AND lo.estado = 1 LIMIT 1)")&", p_nombres => "&IF(TRIM(E71&"")="","NULL","'"&SUBSTITUTE(TRIM(E71),"'","''")&"'")&", p_apellido_paterno => "&IF(TRIM(F71&"")="","NULL","'"&SUBSTITUTE(TRIM(F71),"'","''")&"'")&", p_apellido_materno => "&IF(TRIM(G71&"")="","NULL","'"&SUBSTITUTE(TRIM(G71),"'","''")&"'")&", p_id_tipo_documento => "&IF(TRIM(B71&"")="","NULL","(SELECT lo.id FROM gen_lista_opciones lo JOIN gen_lista l ON l.id = lo.id_lista WHERE l.nombre = 'TipoDocumento' AND upper(lo.nombre) = upper('"&SUBSTITUTE(TRIM(B71),"'","''")&"') AND lo.estado = 1 LIMIT 1)")&", p_numero_documento => "&IF(TRIM(C71&"")="","NULL","'"&SUBSTITUTE(TRIM(C71),"'","''")&"'")&", p_telefono => "&IF(TRIM(L71&"")="","NULL","'"&SUBSTITUTE(TRIM(L71),"'","''")&"'")&", p_email => "&IF(TRIM(M71&"")="","NULL","'"&SUBSTITUTE(TRIM(M71),"'","''")&"'")&", p_observacion => "&IF(TRIM(O71&"")="","NULL","'"&SUBSTITUTE(TRIM(O71),"'","''")&"'")&", p_direccion => "&IF(TRIM(J71&"")="","NULL","'"&SUBSTITUTE(TRIM(J71),"'","''")&"'")&", p_referencia => "&IF(TRIM(K71&"")="","NULL","'"&SUBSTITUTE(TRIM(K71),"'","''")&"'")&") AS resultado_cliente_"&ROW()&";")
A72: =IF(AND(D72="",E72="",C72=""),"",IF(AND(D72="",E72=""),"FALTA razón social o nombres",IF(AND(C72<>"",SUMPRODUCT(--($C$5:$C$549=C72))>1),"DOCUMENTO DUPLICADO",IF(AND(B72="DNI",C72<>"",LEN(C72&"")<>8),"DNI debe tener 8 dígitos",IF(AND(B72="RUC",C72<>"",LEN(C72&"")<>11),"RUC debe tener 11 dígitos",IF(AND(N72<>"",SUMPRODUCT(--($N$5:$N$549=N72))>1),"CÓDIGO INTERNO DUPLICADO","OK")))))) | B72: RUC | C72: 10167643812 | D72: CACHAY BRUNO CARLOS | H72: Persona Jurídica | I72: Cliente | P72: =IF(A72<>"OK","","SELECT cli_crear_clientes(p_codigo_interno => "&IF(TRIM(N72&"")="","NULL","'"&SUBSTITUTE(TRIM(N72),"'","''")&"'")&", p_razon_social => "&IF(TRIM(D72&"")="","NULL","'"&SUBSTITUTE(TRIM(D72),"'","''")&"'")&", p_id_tipo_cliente => "&IF(TRIM(I72&"")="","NULL","(SELECT lo.id FROM gen_lista_opciones lo JOIN gen_lista l ON l.id = lo.id_lista WHERE l.nombre = 'TipoCliente' AND upper(lo.nombre) = upper('"&SUBSTITUTE(TRIM(I72),"'","''")&"') AND lo.estado = 1 LIMIT 1)")&", p_id_tipo_persona => "&IF(TRIM(H72&"")="","NULL","(SELECT lo.id FROM gen_lista_opciones lo JOIN gen_lista l ON l.id = lo.id_lista WHERE l.nombre = 'TipoPersona' AND upper(lo.nombre) = upper('"&SUBSTITUTE(TRIM(H72),"'","''")&"') AND lo.estado = 1 LIMIT 1)")&", p_nombres => "&IF(TRIM(E72&"")="","NULL","'"&SUBSTITUTE(TRIM(E72),"'","''")&"'")&", p_apellido_paterno => "&IF(TRIM(F72&"")="","NULL","'"&SUBSTITUTE(TRIM(F72),"'","''")&"'")&", p_apellido_materno => "&IF(TRIM(G72&"")="","NULL","'"&SUBSTITUTE(TRIM(G72),"'","''")&"'")&", p_id_tipo_documento => "&IF(TRIM(B72&"")="","NULL","(SELECT lo.id FROM gen_lista_opciones lo JOIN gen_lista l ON l.id = lo.id_lista WHERE l.nombre = 'TipoDocumento' AND upper(lo.nombre) = upper('"&SUBSTITUTE(TRIM(B72),"'","''")&"') AND lo.estado = 1 LIMIT 1)")&", p_numero_documento => "&IF(TRIM(C72&"")="","NULL","'"&SUBSTITUTE(TRIM(C72),"'","''")&"'")&", p_telefono => "&IF(TRIM(L72&"")="","NULL","'"&SUBSTITUTE(TRIM(L72),"'","''")&"'")&", p_email => "&IF(TRIM(M72&"")="","NULL","'"&SUBSTITUTE(TRIM(M72),"'","''")&"'")&", p_observacion => "&IF(TRIM(O72&"")="","NULL","'"&SUBSTITUTE(TRIM(O72),"'","''")&"'")&", p_direccion => "&IF(TRIM(J72&"")="","NULL","'"&SUBSTITUTE(TRIM(J72),"'","''")&"'")&", p_referencia => "&IF(TRIM(K72&"")="","NULL","'"&SUBSTITUTE(TRIM(K72),"'","''")&"'")&") AS resultado_cliente_"&ROW()&";")
A73: =IF(AND(D73="",E73="",C73=""),"",IF(AND(D73="",E73=""),"FALTA razón social o nombres",IF(AND(C73<>"",SUMPRODUCT(--($C$5:$C$549=C73))>1),"DOCUMENTO DUPLICADO",IF(AND(B73="DNI",C73<>"",LEN(C73&"")<>8),"DNI debe tener 8 dígitos",IF(AND(B73="RUC",C73<>"",LEN(C73&"")<>11),"RUC debe tener 11 dígitos",IF(AND(N73<>"",SUMPRODUCT(--($N$5:$N$549=N73))>1),"CÓDIGO INTERNO DUPLICADO","OK")))))) | B73: SD | C73: 000003 | E73: FERNANDO | F73: DELGADO | G73: MAZA | H73: Persona Natural | I73: Cliente | P73: =IF(A73<>"OK","","SELECT cli_crear_clientes(p_codigo_interno => "&IF(TRIM(N73&"")="","NULL","'"&SUBSTITUTE(TRIM(N73),"'","''")&"'")&", p_razon_social => "&IF(TRIM(D73&"")="","NULL","'"&SUBSTITUTE(TRIM(D73),"'","''")&"'")&", p_id_tipo_cliente => "&IF(TRIM(I73&"")="","NULL","(SELECT lo.id FROM gen_lista_opciones lo JOIN gen_lista l ON l.id = lo.id_lista WHERE l.nombre = 'TipoCliente' AND upper(lo.nombre) = upper('"&SUBSTITUTE(TRIM(I73),"'","''")&"') AND lo.estado = 1 LIMIT 1)")&", p_id_tipo_persona => "&IF(TRIM(H73&"")="","NULL","(SELECT lo.id FROM gen_lista_opciones lo JOIN gen_lista l ON l.id = lo.id_lista WHERE l.nombre = 'TipoPersona' AND upper(lo.nombre) = upper('"&SUBSTITUTE(TRIM(H73),"'","''")&"') AND lo.estado = 1 LIMIT 1)")&", p_nombres => "&IF(TRIM(E73&"")="","NULL","'"&SUBSTITUTE(TRIM(E73),"'","''")&"'")&", p_apellido_paterno => "&IF(TRIM(F73&"")="","NULL","'"&SUBSTITUTE(TRIM(F73),"'","''")&"'")&", p_apellido_materno => "&IF(TRIM(G73&"")="","NULL","'"&SUBSTITUTE(TRIM(G73),"'","''")&"'")&", p_id_tipo_documento => "&IF(TRIM(B73&"")="","NULL","(SELECT lo.id FROM gen_lista_opciones lo JOIN gen_lista l ON l.id = lo.id_lista WHERE l.nombre = 'TipoDocumento' AND upper(lo.nombre) = upper('"&SUBSTITUTE(TRIM(B73),"'","''")&"') AND lo.estado = 1 LIMIT 1)")&", p_numero_documento => "&IF(TRIM(C73&"")="","NULL","'"&SUBSTITUTE(TRIM(C73),"'","''")&"'")&", p_telefono => "&IF(TRIM(L73&"")="","NULL","'"&SUBSTITUTE(TRIM(L73),"'","''")&"'")&", p_email => "&IF(TRIM(M73&"")="","NULL","'"&SUBSTITUTE(TRIM(M73),"'","''")&"'")&", p_observacion => "&IF(TRIM(O73&"")="","NULL","'"&SUBSTITUTE(TRIM(O73),"'","''")&"'")&", p_direccion => "&IF(TRIM(J73&"")="","NULL","'"&SUBSTITUTE(TRIM(J73),"'","''")&"'")&", p_referencia => "&IF(TRIM(K73&"")="","NULL","'"&SUBSTITUTE(TRIM(K73),"'","''")&"'")&") AS resultado_cliente_"&ROW()&";")
A74: =IF(AND(D74="",E74="",C74=""),"",IF(AND(D74="",E74=""),"FALTA razón social o nombres",IF(AND(C74<>"",SUMPRODUCT(--($C$5:$C$549=C74))>1),"DOCUMENTO DUPLICADO",IF(AND(B74="DNI",C74<>"",LEN(C74&"")<>8),"DNI debe tener 8 dígitos",IF(AND(B74="RUC",C74<>"",LEN(C74&"")<>11),"RUC debe tener 11 dígitos",IF(AND(N74<>"",SUMPRODUCT(--($N$5:$N$549=N74))>1),"CÓDIGO INTERNO DUPLICADO","OK")))))) | B74: RUC | C74: 20607793531 | D74: MECANICA ELECTRICA DEL NORTE S.A.C. | H74: Persona Jurídica | I74: Cliente | P74: =IF(A74<>"OK","","SELECT cli_crear_clientes(p_codigo_interno => "&IF(TRIM(N74&"")="","NULL","'"&SUBSTITUTE(TRIM(N74),"'","''")&"'")&", p_razon_social => "&IF(TRIM(D74&"")="","NULL","'"&SUBSTITUTE(TRIM(D74),"'","''")&"'")&", p_id_tipo_cliente => "&IF(TRIM(I74&"")="","NULL","(SELECT lo.id FROM gen_lista_opciones lo JOIN gen_lista l ON l.id = lo.id_lista WHERE l.nombre = 'TipoCliente' AND upper(lo.nombre) = upper('"&SUBSTITUTE(TRIM(I74),"'","''")&"') AND lo.estado = 1 LIMIT 1)")&", p_id_tipo_persona => "&IF(TRIM(H74&"")="","NULL","(SELECT lo.id FROM gen_lista_opciones lo JOIN gen_lista l ON l.id = lo.id_lista WHERE l.nombre = 'TipoPersona' AND upper(lo.nombre) = upper('"&SUBSTITUTE(TRIM(H74),"'","''")&"') AND lo.estado = 1 LIMIT 1)")&", p_nombres => "&IF(TRIM(E74&"")="","NULL","'"&SUBSTITUTE(TRIM(E74),"'","''")&"'")&", p_apellido_paterno => "&IF(TRIM(F74&"")="","NULL","'"&SUBSTITUTE(TRIM(F74),"'","''")&"'")&", p_apellido_materno => "&IF(TRIM(G74&"")="","NULL","'"&SUBSTITUTE(TRIM(G74),"'","''")&"'")&", p_id_tipo_documento => "&IF(TRIM(B74&"")="","NULL","(SELECT lo.id FROM gen_lista_opciones lo JOIN gen_lista l ON l.id = lo.id_lista WHERE l.nombre = 'TipoDocumento' AND upper(lo.nombre) = upper('"&SUBSTITUTE(TRIM(B74),"'","''")&"') AND lo.estado = 1 LIMIT 1)")&", p_numero_documento => "&IF(TRIM(C74&"")="","NULL","'"&SUBSTITUTE(TRIM(C74),"'","''")&"'")&", p_telefono => "&IF(TRIM(L74&"")="","NULL","'"&SUBSTITUTE(TRIM(L74),"'","''")&"'")&", p_email => "&IF(TRIM(M74&"")="","NULL","'"&SUBSTITUTE(TRIM(M74),"'","''")&"'")&", p_observacion => "&IF(TRIM(O74&"")="","NULL","'"&SUBSTITUTE(TRIM(O74),"'","''")&"'")&", p_direccion => "&IF(TRIM(J74&"")="","NULL","'"&SUBSTITUTE(TRIM(J74),"'","''")&"'")&", p_referencia => "&IF(TRIM(K74&"")="","NULL","'"&SUBSTITUTE(TRIM(K74),"'","''")&"'")&") AS resultado_cliente_"&ROW()&";")
A75: =IF(AND(D75="",E75="",C75=""),"",IF(AND(D75="",E75=""),"FALTA razón social o nombres",IF(AND(C75<>"",SUMPRODUCT(--($C$5:$C$549=C75))>1),"DOCUMENTO DUPLICADO",IF(AND(B75="DNI",C75<>"",LEN(C75&"")<>8),"DNI debe tener 8 dígitos",IF(AND(B75="RUC",C75<>"",LEN(C75&"")<>11),"RUC debe tener 11 dígitos",IF(AND(N75<>"",SUMPRODUCT(--($N$5:$N$549=N75))>1),"CÓDIGO INTERNO DUPLICADO","OK")))))) | B75: RUC | C75: 20603994818 | D75: VOLVO DIESEL S.A.C. | H75: Persona Jurídica | I75: Cliente | P75: =IF(A75<>"OK","","SELECT cli_crear_clientes(p_codigo_interno => "&IF(TRIM(N75&"")="","NULL","'"&SUBSTITUTE(TRIM(N75),"'","''")&"'")&", p_razon_social => "&IF(TRIM(D75&"")="","NULL","'"&SUBSTITUTE(TRIM(D75),"'","''")&"'")&", p_id_tipo_cliente => "&IF(TRIM(I75&"")="","NULL","(SELECT lo.id FROM gen_lista_opciones lo JOIN gen_lista l ON l.id = lo.id_lista WHERE l.nombre = 'TipoCliente' AND upper(lo.nombre) = upper('"&SUBSTITUTE(TRIM(I75),"'","''")&"') AND lo.estado = 1 LIMIT 1)")&", p_id_tipo_persona => "&IF(TRIM(H75&"")="","NULL","(SELECT lo.id FROM gen_lista_opciones lo JOIN gen_lista l ON l.id = lo.id_lista WHERE l.nombre = 'TipoPersona' AND upper(lo.nombre) = upper('"&SUBSTITUTE(TRIM(H75),"'","''")&"') AND lo.estado = 1 LIMIT 1)")&", p_nombres => "&IF(TRIM(E75&"")="","NULL","'"&SUBSTITUTE(TRIM(E75),"'","''")&"'")&", p_apellido_paterno => "&IF(TRIM(F75&"")="","NULL","'"&SUBSTITUTE(TRIM(F75),"'","''")&"'")&", p_apellido_materno => "&IF(TRIM(G75&"")="","NULL","'"&SUBSTITUTE(TRIM(G75),"'","''")&"'")&", p_id_tipo_documento => "&IF(TRIM(B75&"")="","NULL","(SELECT lo.id FROM gen_lista_opciones lo JOIN gen_lista l ON l.id = lo.id_lista WHERE l.nombre = 'TipoDocumento' AND upper(lo.nombre) = upper('"&SUBSTITUTE(TRIM(B75),"'","''")&"') AND lo.estado = 1 LIMIT 1)")&", p_numero_documento => "&IF(TRIM(C75&"")="","NULL","'"&SUBSTITUTE(TRIM(C75),"'","''")&"'")&", p_telefono => "&IF(TRIM(L75&"")="","NULL","'"&SUBSTITUTE(TRIM(L75),"'","''")&"'")&", p_email => "&IF(TRIM(M75&"")="","NULL","'"&SUBSTITUTE(TRIM(M75),"'","''")&"'")&", p_observacion => "&IF(TRIM(O75&"")="","NULL","'"&SUBSTITUTE(TRIM(O75),"'","''")&"'")&", p_direccion => "&IF(TRIM(J75&"")="","NULL","'"&SUBSTITUTE(TRIM(J75),"'","''")&"'")&", p_referencia => "&IF(TRIM(K75&"")="","NULL","'"&SUBSTITUTE(TRIM(K75),"'","''")&"'")&") AS resultado_cliente_"&ROW()&";")
